t_hours,a,e,sin_i,cos_i,sin_omega,cos_omega,sin_raan,cos_raan,sin_v,cos_v
0.0,1.0,0.16146196236726737,0.9898129134765059,-0.14237414201726056,0.2375343455608143,0.971379140541424,0.49472694916517224,-0.869048471473094,-0.2411115030093569,0.9704974204584826
0.016666666666666666,0.9963319105558526,0.17119968942591599,0.9898128161565847,-0.14237481860276777,0.40002291130719825,0.9165051393360069,0.49472692511993843,-0.8690484851614269,-0.3442442366164935,0.9388801337531473
0.03333333333333333,0.9845397768931434,0.17406587105183932,0.9898125037402045,-0.14237699055517253,0.555161347956337,0.8317426751918545,0.49472674025340846,-0.8690485904011562,-0.4481150048973028,0.893975918235995
0.05,0.9648282964828354,0.17108563903732457,0.9898119816088322,-0.14238062039335533,0.7013120689395329,0.7128543904331037,0.4947262274320276,-0.8690488823368187,-0.5559799390329002,0.8311957094409069
0.06666666666666667,0.9375479489867189,0.1639763997605779,0.9898112589658943,-0.14238564402478016,0.8326603422408584,0.5537840323260833,0.49472522580343437,-0.8690494525363565,-0.6686601376063935,0.7435681679417153
0.08333333333333333,0.9031627393359258,0.1552435943492411,0.9898103479906757,-0.14239197663694922,0.9372016237316381,0.3487880681370582,0.49472358287382495,-0.8690503878075687,-0.7828514113216387,0.6222087011539765
0.1,0.8622394859298765,0.1482461836305233,0.9898092635647752,-0.14239951461068065,0.9952192986860148,0.09766548788040169,0.4947211564212066,-0.8690517691077235,-0.8884226836502817,0.45902629028807435
0.11666666666666667,0.8154577839684407,0.14700009756088403,0.9898080235478212,-0.14240813361727592,0.9826420077578873,-0.1855119526864724,0.49471781759691197,-0.8690536697765844,-0.9673399676981075,0.25348251792544646
0.13333333333333333,0.7635939237980551,0.15538756920073873,0.9898066483645046,-0.14241769150434197,0.8841996898657098,-0.46710909693708874,0.4947134529172655,-0.8690561544012426,-0.9997868633729776,0.020645285825654586
0.15,0.7074881932509811,0.17590966244678483,0.9898051601509542,-0.142428034243768,0.7093019922563903,-0.7049047338336689,0.4947079643153466,-0.8690592787853806,-0.9776477024568501,-0.21024977974029474
0.16666666666666666,0.6480416465016674,0.208869333551893,0.9898035826810301,-0.14243899645742114,0.49045136525356686,-0.8714685641610445,0.49470127098368766,-0.8690630888992605,-0.9114762119358578,-0.4113527866382568
0.18333333333333332,0.5862249635713397,0.2526631319843178,0.9898019416124443,-0.14245039971946513,0.26308228049490145,-0.9647734001772654,0.49469331321777943,-0.8690676186912132,-0.8216264645115432,-0.5700262737929382
0.2,0.5230549724229832,0.3047438342905371,0.9898002638731684,-0.14246205683130533,0.050069157763869096,-0.9987457531528315,0.4946840532834146,-0.8690728895939004,-0.7256124501503768,-0.6881036057068493
0.21666666666666667,0.45955568928388857,0.3624312182307403,0.9897985766330827,-0.14247377897396934,-0.13918526258578345,-0.990266359460386,0.49467347305615406,-0.8690789118685152,-0.6334359145496423,-0.7737951551661837
0.23333333333333334,0.3967433091226553,0.42327566073682876,0.9897969069075475,-0.1424853784647804,-0.3032516758926257,-0.9529105000304666,0.4946615736414054,-0.8690856848220482,-0.549119475490835,-0.8357438612617327
0.25,0.3356282175823253,0.48512451088313757,0.9897952816103,-0.14249666838907882,-0.44397601736441683,-0.8960386688113583,0.49464837812083173,-0.8690931952457289,-0.47342113931579816,-0.8808362077304336
0.26666666666666666,0.27720581511192677,0.5460936227025126,0.9897937273062781,-0.14250746431378675,-0.5640292325683477,-0.8257548212443938,0.4946339334274179,-0.8691014163503133,-0.40568867318981267,-0.914011324024757
0.2833333333333333,0.22243109064936561,0.604537473165786,0.9897922695288458,-0.14251758902302802,-0.6659366484591126,-0.7460082977012014,0.4946183086977176,-0.8691103087071338,-0.34480145214636837,-0.938675640782137
0.3,0.1721915491984305,0.6590290288160644,0.9897909320496735,-0.14252687757836613,-0.7517934896475652,-0.6593986267225133,0.4946015913732408,-0.869119822470445,-0.2895760603356419,-0.9571550058796583
0.31666666666666665,0.12729299195291333,0.7083361454164153,0.9897897364882746,-0.1425351800169767,-0.8232398280783892,-0.567693742668936,0.49458388490176974,-0.869129898689185,-0.2389185380924938,-0.971039614102198
0.3333333333333333,0.08845671590472648,0.7513957496440472,0.9897887022245346,-0.14254236194434136,-0.8815154082466284,-0.47215525521144,0.4945653102170507,-0.8691404684686547,-0.19187143629922773,-0.9814200690491668
0.35,0.056311089558391814,0.7873064541001572,0.9897878461610516,-0.14254830616975578,-0.9275330241032088,-0.37374120618143825,0.494546006877374,-0.8691514523267186,-0.14761600760590768,-0.9890447483802199
0.36666666666666664,0.031371215501394545,0.8153441075015406,0.9897871821681841,-0.14255291654528124,-0.9619499460451392,-0.27322573323856947,0.49452612803706747,-0.8691627630591787,-0.10544968052026488,-0.9944246401201924
0.38333333333333336,0.014022855032976622,0.8349744711533078,0.9897867206439739,-0.14255612100800136,-0.9852249014052229,-0.17126556469725274,0.4945058312958766,-0.8691743109494057,-0.0647528221479631,-0.9979013338120529
0.4,0.004522892432930803,0.8458452286686189,0.9897864685174179,-0.14255787154632527,-0.9976551508463517,-0.06844121557762714,0.49448527301329914,-0.8691860070048085,-0.02495877111856245,-0.9996884813501911
0.4166666666666667,0.003007941361943267,0.847769569960754,0.9897864294716513,-0.14255814264278233,-0.9993974061962366,0.03471058179049068,0.49446460824395966,-0.869197762994215,0.014468054433020414,-0.9998953322227898
0.43333333333333335,0.009499551958754182,0.8407171141578856,0.9897866040793389,-0.14255693032992126,-0.9904782598264924,0.13766922971776727,0.4944439919455456,-0.8692094907609749,0.054050096132912756,-0.9985382251611717
0.45,0.023904868980594074,0.8248127195548117,0.9897869898196701,-0.14255425207168085,-0.9707962216035394,0.23990559835129255,0.49442357906363604,-0.8692211021747599,0.09431426659340454,-0.9955424747929885
0.4666666666666667,0.04601339919997827,0.800341997624298,0.9897875809944017,-0.1425501473491023,-0.9401155663991998,0.3408558666268072,0.49440352528823983,-0.8692325087009579,0.13580936332554183,-0.9907349881946791
0.48333333333333334,0.0754888921417205,0.7677658273449478,0.9897883685164353,-0.14254467913455549,-0.8980511826107452,0.43989097900666474,0.4943839880606294,-0.8692436208274797,0.17912526480581537,-0.9838262750649865
0.5,0.11186407418347244,0.7277338184762219,0.9897893397778937,-0.142537934817512,-0.8440401563226069,0.5362799777307646,0.4943651232501004,-0.8692543499539781,0.2249188583917956,-0.974377497246181
0.5166666666666667,0.15455073218248572,0.6810788914640402,0.9897904789308045,-0.14253002426832262,-0.777294837211602,0.6291365003273846,0.49434707650760595,-0.8692646133073537,0.27394609835995376,-0.961745046877476
0.5333333333333333,0.20286090639064014,0.6287987095185885,0.9897917674655093,-0.14252107583618331,-0.6967394870957523,0.7173242552162502,0.4943299759125181,-0.86927433812021,0.3270886895513344,-0.9449936450408494
0.55,0.2560205178029378,0.572052185161799,0.989793184587083,-0.14251123375004743,-0.6009416171936924,0.7992929204769861,0.4943139311854357,-0.8692834620743687,0.38536071262402494,-0.9227660164775812
0.5666666666666667,0.3131721688185962,0.5121796611091319,0.9897947073026987,-0.14250065752678143,-0.488054171294113,0.8728133396565481,0.49429903584200413,-0.8692919320721119,0.44988065483460316,-0.8930886833935299
0.5833333333333334,0.37338370392569686,0.4507271023282684,0.9897963106620624,-0.14248952031560067,-0.35580671066696234,0.9345595671996283,0.4942853663590813,-0.869299704706765,0.5217713511898844,-0.8530853750226189
0.6,0.4356715580838113,0.3894632076369884,0.9897979683900338,-0.1424780045163523,-0.2016624792287921,0.9794550752695588,0.49427297838549067,-0.8693067484138934,0.6018852747716809,-0.7985825668101065
0.6166666666666667,0.49902890789695675,0.33040025896626746,0.9897996536436852,-0.14246629652953313,-0.02343735053199203,0.9997253075720552,0.494261903904379,-0.8693130450814703,0.6901425416851972,-0.7236734568548828
0.6333333333333333,0.5624419090482888,0.275823503315183,0.9898013394483837,-0.14245458373174774,0.1790132728819203,0.9838466588509122,0.4942521518720954,-0.869318589683784,0.7841460245183584,-0.6205763548767018
0.65,0.624889386745906,0.22827874191037836,0.9898029986906993,-0.14244305452671058,0.4002069101136321,0.9164248082070341,0.4942437111619869,-0.8693233886056595,0.8768580094167037,-0.4807494475522317
0.6666666666666666,0.6853480778977996,0.19036435240145896,0.9898046042564546,-0.1424318973851128,0.6236941534400853,0.781668473820363,0.4942365516305126,-0.8693274590350748,0.9542713302415081,-0.29894184765452725
0.6833333333333333,0.7428252621987212,0.16413399862667474,0.9898061298930193,-0.1424212948480791,0.8192585517205722,0.573424297909245,0.49423062192749345,-0.8693308302074435,0.9967440017514321,-0.08063122827131605
0.7,0.7963934429996016,0.15016976661480583,0.9898075511216223,-0.14241141717789718,0.9515012054596876,0.30764501622610646,0.49422584870852854,-0.8693335438531833,0.9882494926938521,0.15284940363097252
0.7166666666666667,0.8451909098010333,0.14692932869460137,0.9898088452411753,-0.14240242231904304,0.9997650957049387,0.0216737954704472,0.49422213990429154,-0.8693356523394303,0.9284050092204574,0.3715698303877244
0.7333333333333333,0.8884143555989681,0.1510763150175705,0.9898099911204794,-0.1423944573291966,0.9694033497327561,-0.2454733091945266,0.4942193877261775,-0.8693372169621879,0.8328333607696334,0.5535237964073066
0.75,0.9253437790226258,0.15861228997224905,0.9898109698456928,-0.14238765386482372,0.8820383133812235,-0.47117768806216465,0.4942174689300341,-0.8693383077975977,0.7210958608098622,0.692835304760723
0.7666666666666667,0.9553703655413415,0.1659008916808187,0.9898117654457643,-0.14238212312344298,0.7597992486172165,-0.65015775147322,0.4942162458549587,-0.8693390031127276,0.606784874564704,0.794866099415176
0.7833333333333333,0.977992049401621,0.17009703520013994,0.9898123647620634,-0.14237795673534584,0.6179243499828766,-0.78623755805624,0.49421556948827516,-0.8693393876245226,0.4959236018355922,0.8683661561475166
0.8,0.9928118804771771,0.1691700741181478,0.9898127573940565,-0.1423752271287902,0.46467100721547827,-0.8854834019073158,0.49421528186272506,-0.8693395511383036,0.38928354505559254,0.921117973741122
0.8166666666666667,0.9995669578725597,0.161821520912147,0.9898129364563127,-0.1423739822570522,0.3032809790159091,-0.9529011741870989,0.4942152177964707,-0.8693395875596527,0.28453019206143615,0.9586670797547406
0.8333333333333334,0.9981501865379983,0.14740384772852813,0.9898128991481213,-0.1423742416309599,0.1335051397970393,-0.9910481207528588,0.49421520786706713,-0.869339593204469,0.17713853495811993,0.9841859272682631
0.85,0.9886007171447773,0.12587787775190531,0.989812646497749,-0.14237599809350643,-0.04774785513914797,-0.9988594207042405,0.49421508198997427,-0.8693396647649543,0.06016073172082173,0.9981887027805991
0.8666666666666667,0.9710869267865405,0.09790084786229888,0.9898121829130044,-0.14237922094530855,-0.24642072987532965,-0.9691629501212424,0.4942146723210203,-0.869339897659498,-0.07715697432667164,0.9970189573487324
0.8833333333333333,0.9458962502843065,0.0652116642741972,0.9898115159164227,-0.1423838577902472,-0.4706970157288398,-0.8822949163312482,0.49421381556948696,-0.8693403847171999,-0.2518021267731028,0.9677787396675659
0.9,0.9134314020862462,0.03171805062363997,0.98981065605248,-0.14238983518832787,-0.7224170971953624,-0.6914575458260805,0.4942123552125729,-0.869341214918079,-0.4864023882835243,0.8737349235735536
0.9166666666666666,0.8742170243602914,0.005960481583342059,0.9898096170735391,-0.14239705737385797,-0.9498808538224578,-0.3126121615380927,0.49421014432442006,-0.8693424717836096,-0.7769123364373537,0.6296087844776724
0.9333333333333333,0.8289010323788375,0.002496182869321545,0.9898084159878301,-0.1424054059355285,-0.9685005294306192,0.24901149469976358,0.49420704875443827,-0.8693442315685015,-0.9846864589863974,0.1743346709316018
0.95,0.7782340675829005,0.030581326855651403,0.9898070725288433,-0.14241474352004826,-0.7080280670384255,0.7061842934290106,0.4942029491410981,-0.869346562114466,-0.9572588157804102,-0.2892327084039542
0.9666666666666667,0.7230496427169442,0.08332915911045541,0.989805608642919,-0.14242491740921132,-0.39088808061185776,0.9204382154363093,0.4941977423839739,-0.8693495220120521,-0.816915775862976,-0.5767569810121
0.9833333333333333,0.6642598322857225,0.15038322338148327,0.9898040483882555,-0.14243576023674653,-0.13132101032507454,0.991339897435386,0.494191344191065,-0.8693531591514627,-0.6815828790094907,-0.7317409234429451
1.0,0.6028394515828381,0.22538076626627193,0.9898024175272809,-0.14244709283502519,0.0710063996132266,0.9974758599655266,0.49418369072530477,-0.8693575097858857,-0.5736288159243854,-0.8191153652210338
1.0166666666666666,0.5397928177544031,0.3046854048321421,0.9898007426538085,-0.14245873031151585,0.23305243311545235,0.9724641707636161,0.49417473763805325,-0.8693625990807066,-0.4886580028364941,-0.8724754187161086
1.0333333333333334,0.47613272850429667,0.3858933574532678,0.9897990506406074,-0.14247048589428044,0.36716769277834194,0.9301547642085317,0.4941644593272624,-0.86936844153546,-0.4201156983334575,-0.9074705504939493
1.05,0.41287327976579036,0.46715097395696425,0.9897973684511859,-0.14248217224308227,0.48090518745100774,0.8767726048883548,0.49415284969216144,-0.8693750405556374,-0.36312038170025457,-0.9317422328057591
1.0666666666666667,0.3510183449805595,0.5468790202940715,0.9897957228332218,-0.142493603579459,0.5788191967006394,0.815455907778481,0.49413992231971177,-0.869382388348113,-0.3143634130523455,-0.949302714909254
1.0833333333333333,0.29155347964712064,0.6236524581910474,0.9897941401000628,-0.1425045972015541,0.6637105405496181,0.7479895175490989,0.49412571147388956,-0.8693904653608886,-0.27160437622859135,-0.9624089893665155
1.1,0.23544466279258813,0.6961392530952553,0.9897926460915268,-0.14251497375059782,0.7373366007002708,0.6755255267329054,0.4941102755744188,-0.8693992383087139,-0.2332996688175787,-0.9724048871378671
1.1166666666666667,0.18362158338283052,0.7630929753138435,0.9897912657205513,-0.14252456035122124,0.8008171096793923,0.5989089720856952,0.49409369835862554,-0.8694086595165105,-0.19836464372250204,-0.9801282916643336
1.1333333333333333,0.13694332969134848,0.8233834294042119,0.9897900220478589,-0.14253319702616313,0.8548803170086801,0.5188252534246368,0.4940760841067848,-0.8694186696371923,-0.16601224957760213,-0.9861236905125969
1.15,0.09617173743038165,0.876021554287679,0.9897889355579379,-0.14254074170946437,0.9000117309629173,0.43586567211600113,0.4940575513820012,-0.869429201213314,-0.13564435157685126,-0.9907575939074581
1.1666666666666667,0.06196253104593552,0.9201629879480984,0.9897880239083161,-0.14254707197157923,0.9365395010627217,0.3505620671852394,0.49403823002356406,-0.8694401803891881,-0.10678558647413873,-0.9942820719098652
1.1833333333333333,0.034864359161417724,0.9551039044611034,0.9897873018898566,-0.14255208527972396,0.964683934178441,0.2634101500284402,0.49401826129616755,-0.8694515268293636,-0.07904487223958649,-0.9968710589502674
1.2,0.015315697391827143,0.9802823195530208,0.9897867813314729,-0.1425556996457281,0.9845885765967511,0.17488663423825024,0.4939977990750178,-0.8694631530484994,-0.052091751027866104,-0.9986423030669443
1.2166666666666666,0.0036351784613088967,0.9952903506590718,0.9897864708313711,-0.14255785548043087,0.9963415866297332,0.08546018226136627,0.49397700814648804,-0.8694749653800531,-0.025638759518792787,-0.9996712729744401
1.2333333333333334,1.1581289641071635e-05,0.9998874002139542,0.9897863754819123,-0.14255851749502343,0.9999902982853983,-0.0044049216882980306,0.4939560578066714,-0.8694868676156601,0.0005758437200567839,-0.9999998342019913
1.25,0.004502588846094113,0.994000560375625,0.9897864968317477,-0.14255767495837182,0.9955487703044691,-0.09424779013462002,0.49393511674147883,-0.8694987639149245,0.026803476363847393,-0.9996407222871688
1.2666666666666666,0.017036647335146426,0.9777212805547879,0.9897868329338848,-0.14255534136155681,0.9829996444563254,-0.1836074589953741,0.4939143537517139,-0.8695105583936441,0.05329621069077502,-0.998578746982933
1.2833333333333334,0.03741086959007589,0.9513091850574249,0.9897873782916052,-0.142551554795557,0.9622916848109945,-0.2720196929334671,0.4938939379919328,-0.8695221549879111,0.08031814327119291,-0.9967692791521356
1.3,0.06529323264123832,0.9151902978381448,0.9897881239229556,-0.14254637750948246,0.9333313679581207,-0.359016096554769,0.493874033328571,-0.8695334606579378,0.10816128186599812,-0.9941333598190457
1.3166666666666667,0.10023312892315062,0.8699430844108149,0.9897890576514656,-0.1425398939014042,0.8959674146839472,-0.4441197944525369,0.4938547922781604,-0.8695443888289401,0.13716291666278582,-0.9905485017365669
1.3333333333333333,0.14167040938320952,0.8162872305615665,0.9897901643585931,-0.14253220877748712,0.8499683362850207,-0.5268337757897399,0.49383635481500854,-0.8695548600652089,0.1677237420895058,-0.9858340359003096
1.35,0.18893791209114852,0.7550833976986144,0.9897914260638504,-0.14252344680960152,0.7949894583487969,-0.6066232447856631,0.4938188495972466,-0.8695648013704625,0.20033301814174279,-0.9797278611135952
1.3666666666666667,0.24126270769295388,0.6873373547197069,0.9897928219721281,-0.1425137522222013,0.7305198108348375,-0.6828915038114277,0.49380239385565083,-0.8695741462477071,0.23560994508309782,-0.9718477009171446
1.3833333333333333,0.2977765437191806,0.6141946482265233,0.9897943287671433,-0.1425032867705164,0.6557900273370101,-0.7549433356519704,0.4937870899749223,-0.8695828366372568,0.2743748024395511,-0.9616228303166774
1.4,0.35754431983383483,0.5369136799034585,0.989795921384695,-0.14249222438513218,0.5696124299489329,-0.8219134258835733,0.4937730190818635,-0.8695908265539498,0.31776471867407446,-0.9481695964151067
1.4166666666666667,0.41959759285214204,0.456837371372113,0.9897975739167423,-0.1424807449044646,0.47011689550312546,-0.8826041607439337,0.4937602368067185,-0.8695980844899402,0.36740491348134435,-0.9300610891493988
1.4333333333333333,0.4829487984933394,0.3754070720697905,0.989799259997843,-0.14246903139883582,0.35431167575923755,-0.9351273904771911,0.49374877499797476,-0.8696045924372751,0.42566401568627793,-0.9048812882084766
1.45,0.546592352376706,0.2942305752726392,0.9898009528394397,-0.1424572699378212,0.21730820765630535,-0.9761030390718001,0.4937386450600373,-0.8696103439899266,0.49605403279461974,-0.8682916540818496
1.4666666666666666,0.6095138316618431,0.21521563300611304,0.9898026254768347,-0.14244564787723374,0.0509677255278442,-0.9987003008683427,0.49372983869010634,-0.8696153439234163,0.5837526871416193,-0.8119315243633164
1.4833333333333334,0.6707009290609562,0.14088367975648577,0.9898042510603147,-0.14243435183595873,-0.15796222765262627,-0.9874451552542145,0.4937223281518124,-0.8696196080381089,0.6955504203635584,-0.7184772875547822
1.5,0.7291510434927204,0.07514471933713687,0.9898058030537823,-0.14242356631210001,-0.42678949654070325,-0.90435099692682,0.4937160669668505,-0.869623162765795,0.8347743633542228,-0.5505921923588746
1.5166666666666666,0.7838945356342606,0.024935489875599764,0.9898072558462159,-0.14241346942682015,-0.7489448245624831,-0.6626323639553621,0.49371098899720206,-0.8696260456905627,0.9710226171449164,-0.23898760845080882
1.5333333333333334,0.8340274122677442,0.0010391283389576678,0.989808585609471,-0.1424042269519356,-0.9848167956726582,-0.1735968863805965,0.4937070076834576,-0.869628305981496,0.9701994242732861,0.24230781485495698
1.55,0.8787246681335432,0.008638865108043264,0.9898097706396599,-0.14239598992339594,-0.9264711421453234,0.3763658097807769,0.49370401794787416,-0.8696300033129751,0.7375826334426113,0.6752568835960596
1.5666666666666667,0.9172453797094136,0.036502697768139275,0.9898107914785109,-0.14238889378277989,-0.6887187963118451,0.7250285646833257,0.4937018986545606,-0.8696312064690882,0.45115783740782184,0.8924441751423432
1.5833333333333333,0.948954156218349,0.07053644914577112,0.9898116314678158,-0.1423830545079746,-0.44085862648018653,0.8975765546503559,0.49370051403362264,-0.8696319925364618,0.22669488809850605,0.973965824713581
1.6,0.97333980221714,0.10300178489047124,0.9898122772298676,-0.1423785652583411,-0.22154145714189755,0.9751509538360944,0.4936997158547719,-0.8696324456716857,0.059275584890721274,0.998241656632232
1.6166666666666667,0.9900120974750166,0.13039250959697427,0.989812718569619,-0.1423754970415208,-0.026605214019526067,0.9996460186420867,0.49369934664399834,-0.8696326552765191,-0.07362050427499468,0.9972863286691017
1.6333333333333333,0.9986960153583482,0.15115274455523667,0.9898129483115933,-0.14237389983670168,0.15199963605713468,0.9883805495043387,0.49369924242541335,-0.8696327144424668,-0.18797139757250475,0.9821745026697849
1.65,0.9992364345547458,0.16472267246595998,0.9898129624173787,-0.14237380177031436,0.3198304286686809,0.9474748001385619,0.4936992349166714,-0.869632718705255,-0.29386162551420975,0.95584797172466
1.6666666666666667,0.9916089581889764,0.17120859742700914,0.9898127602676702,-0.14237520715101934,0.47965079452485115,0.877459466477899,0.4936991538864937,-0.8696327647068964,-0.3978555723255661,0.9174480604205866
1.6833333333333333,0.9759373661132145,0.17131915400628864,0.9898123451231419,-0.14237809326517312,0.6314114644833715,0.7754479753787252,0.49369883014702765,-0.8696329484969255,-0.504239178256725,0.8635640399593898
1.7,0.9525005311353993,0.16641743963423508,0.9898117243101378,-0.14238240908971828,0.771519419349056,0.6362057729754546,0.4936980991525622,-0.8696333634889746,-0.6151381807689184,0.7884193164555936
1.7166666666666666,0.9217076911099866,0.15860640394043454,0.989810908572363,-0.14238807980710108,0.8912173156380127,0.45357656057933027,0.49369680381869463,-0.8696340988595177,-0.7294814558425416,0.6840005888753649
1.7333333333333334,0.8840717700812206,0.15081486754011295,0.9898099113735808,-0.14239501166341526,0.9745872240440113,0.2240083541526703,0.4936947962191219,-0.8696352385834878,-0.8407238866751708,0.541464076715893
1.75,0.8402138131038441,0.14676144405607786,0.989808749026003,-0.1424030910885678,0.9989310071488898,-0.04622599870748687,0.4936919401359669,-0.8696368599851233,-0.9345502308580272,0.35583123247293513
1.7666666666666666,0.7908645729031605,0.15047776144117556,0.9898074407448738,-0.14241218433154942,0.9429822531860673,-0.3328430113073242,0.49368811402426355,-0.869639032053625,-0.9909655026346998,0.13411701080756558
1.7833333333333334,0.7368342546914732,0.1652302820946259,0.9898060078599724,-0.14242214295643849,0.8032249634433691,-0.5956757994928099,0.4936832117940273,-0.8696418149978378,-0.994956686181123,-0.10030549647690429
1.8,0.6789909408331027,0.19239715177893094,0.9898044732561703,-0.14243280774482867,0.6025061904505287,-0.7981142089129796,0.49367714325104306,-0.8696452599948379,-0.9483718424831772,-0.3171606034567719
1.8166666666666667,0.6182698245652318,0.231220459849424,0.9898028616298362,-0.1424440069268877,0.376975290796559,-0.9262233154746482,0.49366983737749426,-0.8696494073266987,-0.8682902151939703,-0.49605655141163973
1.8333333333333333,0.5556689897164802,0.2795317976071605,0.9898011993873737,-0.14245555689869263,0.15610792961122158,-0.9877400033979072,0.49366124529075084,-0.8696542847005269,-0.7743940145687752,-0.6327036511670021
1.85,0.49221259941850803,0.33468723530815847,0.9897995136760693,-0.1424672689659508,-0.04474807116954312,-0.9989983033652287,0.4936513390437885,-0.8696599079296886,-0.680199679279055,-0.7330268728421017
1.8666666666666667,0.42892093521868446,0.39413561913150286,0.9897978315925563,-0.14247895484833395,-0.22088957356705177,-0.975298824099243,0.49364010963037325,-0.8696662820669278,-0.5922601360786484,-0.8057468158249841
1.8833333333333333,0.3668072990019482,0.4556009749637191,0.9897961801012755,-0.14249042724661679,-0.37286145518127833,-0.9278870271967916,0.49362756843267847,-0.8696734005839442,-0.5126643082969782,-0.8585891374798431
1.9,0.3068771444526419,0.5170844472380146,0.9897945860095827,-0.14250150001357437,-0.5030127743639818,-0.8642789762725054,0.4936137500987944,-0.8696812437401447,-0.4413320087510151,-0.8973438906304505
1.9166666666666667,0.2501099436577192,0.57683285984154,0.9897930754807982,-0.14251199153145996,-0.6139310158080606,-0.7893596821657937,0.49359871279064516,-0.8696897784448304,-0.37733735839888977,-0.9260758705184732
1.9333333333333333,0.1974307270314739,0.6333172011345822,0.9897916732689245,-0.14252173001862775,-0.707889097007174,-0.706323598882529,0.4935825350679699,-0.8696989600292024,-0.3195278891474798,-0.9475768718457389
1.95,0.1496881170938309,0.6852138331537945,0.9897904021230519,-0.1425305576537441,-0.7867184536386796,-0.6173119751830225,0.49356531224268874,-0.8697087343190116,-0.2667762615785509,-0.9637584895907131
1.9666666666666666,0.10764716856795076,0.7313789957881007,0.9897892825842132,-0.14253833197224045,-0.8518305785053485,-0.5238173971177774,0.493547155988129,-0.8697190378599456,-0.21806937068603566,-0.9759332710634454
1.9833333333333334,0.07198604666933761,0.7708299894372642,0.9897883328838042,-0.14254492655685674,-0.9042804549179134,-0.4269389404276113,0.4935281965241634,-0.869729796681479,-0.1725307336660953,-0.9850041349865689
2.0,0.04328094868697008,0.8027510650322763,0.9897875685286109,-0.1425502339044744,-0.9448377143932251,-0.32753884267394373,0.4935085811523665,-0.8697409271323145,-0.1294102333064484,-0.9915911413055134
2.0166666666666666,0.02198523383265183,0.8265116802686078,0.9897870017321189,-0.14255416936078238,-0.9740502615377249,-0.22633180951490156,0.4934884663757466,-0.8697523403556403,-0.08805541540327685,-0.9961155775401549
2.033333333333333,0.00842121610793356,0.8416694437578547,0.9897866411852733,-0.1425566726995797,-0.9922902220594481,-0.1239359318567914,0.4934680095993893,-0.8697639470005738,-0.047879181020005844,-0.9988531343620309
2.05,0.0027864261562058346,0.8479555084509908,0.9897864922157025,-0.14255770700784687,-0.9997813942512188,-0.020908460227598034,0.49344736646174264,-0.8697756587373382,-0.008334372561367978,-0.9999652685138661
2.066666666666667,0.0051613541203892055,0.8452608136248735,0.9897865569892651,-0.1425572572804913,-0.9966138593822652,0.0822241770234675,0.4934266920052566,-0.8697873875935139,0.031105214983943683,-0.9995161157284072
2.0833333333333335,0.01551217379613945,0.8336313987235826,0.9897868345806542,-0.14255532992774655,-0.9827497028539269,0.18494058921858725,0.4934061412865378,-0.8697990456080813,0.07096233638423202,-0.9974789956760448
2.1,0.03368969769223895,0.8132702148877183,0.9897873209463717,-0.14255195296383819,-0.9580205264401833,0.2866996179266272,0.49338586952893815,-0.8698105447447586,0.11177387099524953,-0.9937336674193631
2.1166666666666667,0.05942359229663907,0.7845471835507486,0.9897880087740654,-0.1425471770575293,-0.9221165623883911,0.3869121933578942,0.49336603340547647,-0.869821796163873,0.15410877362251063,-0.9880538881521421
2.1333333333333333,0.0923139427886781,0.7480156336899613,0.9897888872642769,-0.14254107705550909,-0.8745650036376613,0.48490829484785825,0.4933467905263997,-0.8698327105123724,0.19859040882506576,-0.9800825728083798
2.15,0.13183246112197367,0.7044181628951287,0.9897899421728941,-0.14253375169895377,-0.814691793574238,0.5798941985248611,0.4933282931110456,-0.8698432015117106,0.24592684870536394,-0.9692883910817508
2.1666666666666665,0.17733995511417788,0.654672137678257,0.9897911562897969,-0.14252532031364448,-0.7415640490482567,0.6708820769398709,0.49331067891139224,-0.8698531911029477,0.2969430654608155,-0.9548951858056117
2.183333333333333,0.22810589768471345,0.5998554583341136,0.9897925099739664,-0.1425159191088334,-0.6539198472243575,0.7565638330016,0.49329406692381295,-0.8698626118748666,0.3526005971433009,-0.9357739144121232
2.2,0.2833155064951711,0.5412163579782304,0.9897939813550916,-0.14250569979210226,-0.5500985896696565,0.835099719580515,0.4932785589056456,-0.8698714061997724,0.41399092974773016,-0.9102810061110854
2.216666666666667,0.34207306990805364,0.4801992006705543,0.9897955464348074,-0.14249482888098441,-0.42799445434581557,0.9037813602023598,0.49326424052724827,-0.8698795255764311,0.48228073579486563,-0.8760167189507075
2.2333333333333334,0.40341785749939163,0.4184662860449152,0.9897971795223326,-0.14248348469080663,-0.28510125176387185,0.9584974054438924,0.49325117871198315,-0.8698869321349983,0.55854331695133,-0.8294753541178943
2.25,0.46635185854353267,0.35791687153048024,0.9897988539824768,-0.14247185214973385,-0.11884300727514416,0.9929130574334291,0.4932394178159446,-0.8698936007998841,0.6433200571094881,-0.7655973511713875
2.2666666666666666,0.5298639926161854,0.3007162735037917,0.9898005428858513,-0.14246011828885363,0.07236060937997822,0.9973785350658787,0.49322897836205304,-0.8698995200044229,0.7356226311837163,-0.6773915739735372
2.283333333333333,0.5929373166493974,0.24931906915568355,0.9898022192030893,-0.1424484708961086,0.28649391418165665,0.9580820617968345,0.49321985920365263,-0.8699046904616212,0.8310183471214854,-0.5562450060427279
2.3,0.6545473407880991,0.20638437094078135,0.9898038557600486,-0.14243709882801214,0.5131517646624583,0.8582978890943429,0.4932120400902426,-0.8699091237077703,0.9189587193815909,-0.39435373977248717
2.316666666666667,0.7136802008936343,0.1743803480396939,0.9898054257179748,-0.14242618867068857,0.7283745706859621,0.6851791625392882,0.49320548088985056,-0.8699128425424074,0.9816125220074318,-0.19088440648258653
2.3333333333333335,0.7693722804345384,0.15475629526277787,0.9898069036192662,-0.1424159174658532,0.8966284228417494,0.44278377494248494,0.4932001193469132,-0.8699158822990821,0.9991883604691163,0.04028176141927459
2.35,0.8207297719232542,0.14702333270356047,0.989808265896664,-0.14240644916098047,0.9870937963007865,0.16014317751468957,0.4931958724390868,-0.8699182900761704,0.9625975461222372,0.2709353505902235
2.3666666666666667,0.8669184503931433,0.14855584888422688,0.9898094905902762,-0.14239793656306177,0.9926689813965606,-0.12086477308593671,0.49319264022760395,-0.8699201225545511,0.8811215783778696,0.47288980124008984
2.3833333333333333,0.9071706851227646,0.15546004984467718,0.9898105575212129,-0.14239052011824935,0.929715269085174,-0.3682791311354507,0.4931903073638111,-0.8699214451445542,0.7745644732902189,0.6324949618112746
2.4,0.9408189308523447,0.16378807704070072,0.989811449166116,-0.14238432181835725,0.8220402251507704,-0.5694294234003638,0.4931887432126732,-0.8699223319172258,0.6602607195374856,0.7510364719744587
2.4166666666666665,0.9673079340196864,0.1702689438409685,0.9898121509672272,-0.1423794430303446,0.6886507154126765,-0.7250932299791585,0.4931878041039989,-0.8699228643294046,0.5476904209599345,0.8366810639596965
2.433333333333333,0.9861846882470218,0.17247535836575703,0.989812651054308,-0.14237596641583394,0.5409539249598551,-0.8410522285033953,0.49318733636540274,-0.8699231295055897,0.4397667378638236,0.8981120287963028
2.45,0.9971128752255822,0.16875740942560194,0.9898129406168805,-0.1423739533319344,0.3843565678184302,-0.923184720830472,0.4931871781430121,-0.8699232192069211,0.3354392517109269,0.9420618389530558
2.466666666666667,0.9999046407080527,0.15815159075204002,0.9898130147375893,-0.14237343802860386,0.2201907365148827,-0.9754568363351777,0.49318716162706827,-0.8699232285703354,0.23125027296713865,0.9728942960325258
2.4833333333333334,0.994526262058173,0.14030827974990803,0.9898128725375849,-0.1423744266323656,0.04680508193367705,-0.9989040415901729,0.4931871165381575,-0.8699232541326722,0.12166351409432899,0.9925714026397391
2.5,0.9810813048964064,0.11549368464004364,0.9898125167298619,-0.14237690025034552,-0.1401736212896726,-0.990126939283312,0.49318687344624945,-0.8699233919491492,-0.001703567764414904,0.9999985489273833
2.5166666666666666,0.9597969261760113,0.08478354066584162,0.9898119532594312,-0.1423808174746505,-0.34791575195054564,-0.9375258020687678,0.4931862663329978,-0.869923736140426,-0.1520336463283377,0.988375318583032
2.533333333333333,0.9310163730990553,0.050688813482425016,0.9898111911105529,-0.14238611572870624,-0.5840104978430662,-0.8117461046467016,0.4931851347841707,-0.8699243776489537,-0.34960758029523425,0.9368962268042877
2.55,0.8952003963461266,0.01880493695373625,0.9898102423527063,-0.14239271095697592,-0.8366668279438,-0.5477121680394363,0.49318332642370727,-0.8699254028579962,-0.613808337452799,0.7894550809725851
2.566666666666667,0.8529347574620942,0.0006974695175365198,0.9898091223505635,-0.1424004961775315,-0.9976826181493152,-0.06803964610965967,0.4931807000780582,-0.8699268917963833,-0.8950875243549181,0.44589048402515136
2.5833333333333335,0.8049206720442044,0.011098725719928232,0.9898078495240665,-0.14240934316449488,-0.8719059434356935,0.48967338686262424,0.493177128526034,-0.8699289165781395,-0.9985500480030854,-0.05383123287679604
2.6,0.7519503029402586,0.05176473423306785,0.9898064447129741,-0.14241910688058043,-0.5555743398791038,0.8314668681720866,0.4931724999800371,-0.869931540561348,-0.8960055346260625,-0.4440428829735523
2.6166666666666667,0.6948958164980468,0.11217951673474799,0.9898049309003625,-0.14242962741413268,-0.25918303047087005,0.9658282231928906,0.49316672005918555,-0.8699348172283168,-0.7496877912717316,-0.661791670858823
2.6333333333333333,0.6347033952029619,0.18358642887446222,0.9898033330666852,-0.14244073100795482,-0.027256177020838716,0.9996284813940671,0.4931597143297456,-0.8699387887444746,-0.6260273168784928,-0.7798011275459373
2.65,0.572366253362361,0.2610591955468353,0.9898016774847335,-0.1424522349716129,0.15476688787609705,0.9879510162033073,0.4931514285807611,-0.8699434858016666,-0.5291255262387166,-0.848543562513205
2.6666666666666665,0.5088941212401323,0.34163143304372523,0.989799990917159,-0.14246395326675473,0.302595470047509,0.9531190804441632,0.4931418275058492,-0.8699489283654479,-0.4522770335510113,-0.891877505559086
2.683333333333333,0.44530144245533165,0.42319514063006347,0.9897983003071654,-0.14247569866137266,0.42631153686710016,0.9045764055810935,0.4931308948694163,-0.8699551255813651,-0.3894994708072885,-0.9210266892120131
2.7,0.3825990442211378,0.5040397730102738,0.9897966325583436,-0.14248728426130974,0.5319651953562213,0.8467662197617576,0.49311863415165424,-0.8699620754104209,-0.33663916997972904,-0.9416337235015317
2.716666666666667,0.32178217259058783,0.5826657109469207,0.989795014214801,-0.14249852573104718,0.623221510376421,0.7820453624976831,0.4931050686875912,-0.8699697645519676,-0.29090589455783994,-0.956751671287541
2.7333333333333334,0.26382746130730084,0.6576940265048407,0.9897934713760823,-0.142509241880253,0.7023519055181162,0.7118298959829316,0.4930902440455169,-0.8699781670979638,-0.2504009701126503,-0.9681422179445763
2.75,0.2096869147464986,0.7278294242276074,0.9897920295300819,-0.14251925581731514,0.770789178260941,0.6370902939739573,0.49307423123062666,-0.8699872427204474,-0.21380799195414396,-0.976875704773405
2.7666666666666666,0.1602603499583779,0.7918756397124774,0.9897907128093365,-0.1425284001046302,0.8294527905540777,0.5585768239392441,0.4930571248756323,-0.8699969377011479,-0.1801915491709789,-0.9836315395550118
2.783333333333333,0.11636174522595866,0.8487678030214912,0.9897895430817374,-0.14253652306004042,0.8789472064614855,0.47691907935576533,0.49303903690229184,-0.8700071885280377,-0.1488595618397455,-0.9888583472110042
2.8,0.07870172304188827,0.8975861622285772,0.9897885394692625,-0.14254349208330833,0.9196783942954878,0.39267244755148434,0.4930200915783541,-0.8700179247004463,-0.11927501100457703,-0.992861255035092
2.816666666666667,0.04788406760485486,0.9375537559600042,0.9897877182407046,-0.14254919438516553,0.9519202373815748,0.30634598359274473,0.4930004242365747,-0.8700290694583471,-0.09100411757290976,-0.9958505161844201
2.8333333333333335,0.02440468929421513,0.9680336023453238,0.9897870927706333,-0.14255353725761352,0.9758543375961868,0.2184223243963571,0.4929801822859839,-0.8700405392125576,-0.0636856957111401,-0.997970005642348
2.85,0.008645357887360205,0.9885353668128352,0.9897866733603692,-0.14255644930417508,0.9915961385508854,0.12937193672111927,0.4929595255587204,-0.8700522433514676,-0.03701105991136417,-0.9993148560109758
2.8666666666666667,0.00086240689307715,0.9987302979515031,0.9897864669270451,-0.14255788258836322,0.999213219172241,0.03966034078833759,0.4929386220738623,-0.8700640866441517,-0.010706680644008312,-0.9999426818521086
2.8833333333333333,0.0011805816146761572,0.9984587563333622,0.9897864768330038,-0.14255781381078236,0.9987366457197383,-0.05025049747500984,0.49291764119879855,-0.870075973116723,0.015482858159590445,-0.9998801333676002
2.9,0.009594813981721018,0.9877264602057851,0.9897867029299899,-0.14255624399857011,0.9901656111066587,-0.13990018792616787,0.49289675149111617,-0.8700878072755099,0.04180805688632275,-0.9991256609553125
2.9166666666666665,0.025970031621966427,0.966704815109086,0.9897871415540658,-0.14255319854086648,0.9734673603704921,-0.22882591263514374,0.4928761223811879,-0.8700994931537912,0.06852477026486938,-0.9976494153058713
2.933333333333333,0.05003968868265929,0.9357342745452464,0.9897877854901701,-0.14254872743895317,0.9485722816955412,-0.3165606204171877,0.4928559215052428,-0.8701109358221042,0.095907706961317,-0.9953902308870738
2.95,0.08141265573573264,0.8953157259767408,0.9897886241635918,-0.14254290398453356,0.9153622384959579,-0.40263131067475244,0.4928363077993298,-0.8701220452986606,0.12426744722639368,-0.9922487599185174
2.966666666666667,0.11958442155713556,0.8460957054987785,0.9897896439491185,-0.1425358226239185,0.8736521158404762,-0.48655110778566646,0.49281742767155157,-0.8701327387147291,0.15396754914658728,-0.9880759048827136
2.9833333333333334,0.16394280885288026,0.7888606007890313,0.9897908283354194,-0.14252759782962857,0.8231635187879692,-0.5678043865070159,0.49279941555743867,-0.870142939996784,0.1854446962701993,-0.9826547026424153
3.0,0.21376886290676111,0.7245398017048382,0.9897921579621337,-0.1425183638576533,0.7634844856959627,-0.6458261686410448,0.4927823948280599,-0.8701525793488876,0.219239760606314,-0.9756710139023738
3.0166666666666666,0.26824099584564465,0.6542072801600679,0.9897936107450263,-0.14250827389426726,0.6940019066955159,-0.7199731616546471,0.49276647624920067,-0.8701615941220032,0.25605052595105643,-0.9666633996175646
3.033333333333333,0.3264539887199476,0.5790659189884781,0.9897951623974515,-0.142497496450298,0.6137829715555816,-0.7894748025291245,0.4927517527712638,-0.8701699317609448,0.2968211048661182,-0.9549331032622426
3.05,0.38745320620722623,0.5004144296033023,0.9897967873552572,-0.14248620895094297,0.5213747748594034,-0.8533278057934749,0.49273829333554253,-0.8701775533078159,0.3428797404024406,-0.9393793076396536
3.066666666666667,0.45026058240654265,0.41963452076138585,0.9897984594785364,-0.14247459287155814,0.4144775321465581,-0.910059544945109,0.4927261415666328,-0.8701844341384524,0.3961388326983669,-0.9181906257571874
3.0833333333333335,0.5138794388312817,0.33823066721450434,0.9898001521861403,-0.14246283281015268,0.28938780408719883,-0.957211940400656,0.4927153191304294,-0.8701905620576444,0.45940172307431293,-0.8882286061799363
3.1,0.5772982315456829,0.25792121676137936,0.9898018385593187,-0.14245111577166505,0.14001001055448206,-0.990150088089949,0.49270582788200584,-0.8701959360805515,0.5368232430916826,-0.8436947348872863
3.1166666666666667,0.6395027255417745,0.1808283021483941,0.9898034916669163,-0.14243962890986775,-0.04375061177853696,-0.9990424835656408,0.49269764996156434,-0.8702005663767128,0.6343220436383805,-0.7730689134575445
3.1333333333333333,0.6994838900787954,0.1099471200895584,0.98980508477367,-0.14242855807803365,-0.27736306810834765,-0.9607651786204182,0.49269074849480654,-0.8702044738724499,0.758260401686464,-0.6519518105153802
3.15,0.7562509561952879,0.05025374345010947,0.9898065916825933,-0.14241808544453902,-0.5739047904432711,-0.8189220301751963,0.49268506762093517,-0.8702076902345522,0.9031632656275723,-0.42929723458338187
3.1666666666666665,0.8088629028335959,0.010514920083167623,0.989807987563087,-0.14240838372901998,-0.8839149841861216,-0.4676476245328831,0.4926805311699974,-0.8702102586191738,0.9994018027496337,-0.03458376296446422
3.183333333333333,0.8564538228274614,0.0009220808619349041,0.9898092496127556,-0.14239961159017808,-0.9958435959797369,0.09107981305507026,0.4926770431711833,-0.8702122333845348,0.8872430824086271,0.4613021924054102
3.2,0.898238054142837,0.01922777788364624,0.9898103571802168,-0.14239191275761304,-0.826571775952383,0.5628313239318896,0.49267449045080614,-0.8702136786209687,0.6040041804835485,0.7969811478061428
3.216666666666667,0.9335225741640443,0.05082063136861398,0.9898112920797644,-0.14238541382946313,-0.5715040309996821,0.8205992581955668,0.49267274450932985,-0.8702146670894743,0.3406882115067188,0.9401763358755384
3.2333333333333334,0.9617314332402316,0.08442432571147246,0.9898120392246778,-0.14238021985474328,-0.3343061129441409,0.94246454726328,0.49267166306516846,-0.8702152793490822,0.14346965344706347,0.9896547168279346
3.25,0.9824134158797619,0.11458719980219881,0.9898125868166778,-0.14237641300186107,-0.12560754225226006,0.9920800095402319,0.4926710929027222,-0.8702156021458345,-0.007174345538571561,0.9999742640518771
3.2666666666666666,0.9952342610717437,0.1388646125866906,0.9898129261285298,-0.14237405405788509,0.0623026834932566,0.9980573007746294,0.4926708729980277,-0.870215726644469,-0.1312883716295985,0.9913442204778562
3.283333333333333,0.9999761531784088,0.15622464286260704,0.9898130514819078,-0.1423731825733841,0.23654154614013004,0.9716213753050293,0.4926708369059631,-0.8702157470779174,-0.24191590050173192,0.9702972210021196
3.3,0.9965456596494846,0.1664433114886503,0.9898129604516542,-0.1423738154364487,0.40136506885122636,0.9159181631052254,0.4926708149665387,-0.8702157594988765,-0.3473564172852136,0.9377331813318651
3.316666666666667,0.9849880240423659,0.16992066337781167,0.9898126542413002,-0.14237594425952843,0.5582112967181639,0.8296988298269595,0.492670636918277,-0.8702158603004999,-0.45304680666658736,0.89148673067478
3.3333333333333335,0.9655033624678708,0.16768359476401665,0.9898121381124472,-0.14237953239586695,0.7053693280329464,0.7088399756435508,0.49267013527684156,-0.8702161443034131,-0.56224913846094,0.8269678991955677
3.35,0.9384383159541585,0.16145756597736097,0.9898114211682569,-0.142384516450615,0.8368122677340977,0.5474899346743434,0.49266914876393103,-0.8702167028138587,-0.675616456739095,0.7372532830603812
3.3666666666666667,0.9042538692325479,0.1537511720663355,0.9898105155092578,-0.14239081215899207,0.9402860040729687,0.3403854147058729,0.4926675244241178,-0.8702176224243056,-0.7895296749223685,0.61371238574513
3.3833333333333333,0.8635136245615627,0.14789852283027513,0.9898094359328686,-0.1423983164867356,0.9961026584509552,0.0882014389164921,0.49266511951173153,-0.870218983943979,-0.8935807364714571,0.44890251436935424
3.4,0.8168938521303062,0.14783296899960194,0.98980820021135,-0.14240690571165499,0.9809945609070335,-0.19403523255021632,0.49266180457982506,-0.870220860648692,-0.9699576221559233,0.24327394275102113
3.4166666666666665,0.7651684567730968,0.1572911835039089,0.9898068287065666,-0.14241643811670618,0.8812408909054442,-0.4726674223977986,0.4926574655453345,-0.8702233171102964,-0.9999219854767614,0.01249091510704954
3.433333333333333,0.7091760045037176,0.17862382177398958,0.9898053435090559,-0.14242675998884427,0.7072545237432627,-0.7069590077541206,0.49265200375385093,-0.8702264091587405,-0.9766358515656061,-0.21490093865947488
3.45,0.649815484314729,0.21206514690324643,0.9898037683376253,-0.14243770633029953,0.4909181977153521,-0.8712056721302441,0.4926453377312417,-0.8702301828893726,-0.9109305200819654,-0.41255979879673194
3.466666666666667,0.588055602246925,0.2560442902228214,0.9898021287969957,-0.1424490990808136,0.26628220914314665,-0.9638951110436474,0.49263740703986025,-0.8702346724792359,-0.8224561736103186,-0.5688284824885911
3.4833333333333334,0.5249123533163811,0.30809558934606573,0.9898004517921211,-0.1424607511987534,0.05533592736629583,-0.9984677937432495,0.4926281732803194,-0.8702398996199241,-0.7279561604035917,-0.6856236785077221
3.5,0.4614098331146579,0.3656181663512472,0.9897987644938686,-0.14247247385516698,-0.13271117040883507,-0.9911547534309247,0.4926176177527365,-0.870245874842058,-0.6370442872848674,-0.7708272024505333
3.5166666666666666,0.39856437755071283,0.42622079325924866,0.989797093920081,-0.1424840793470009,-0.29628532529895907,-0.9550994744069803,0.4926057409659885,-0.8702525977940827,-0.5536568874098928,-0.8327448895211481
3.533333333333333,0.33738652265327573,0.4877888875238886,0.9897954669871444,-0.14249538073811685,-0.43702136564198757,-0.8994511248380382,0.49259256534334633,-0.8702600557123492,-0.47859480894324585,-0.8780358813013156
3.55,0.2788723727672391,0.5484614252230046,0.9897939102773523,-0.14250619347196353,-0.557414405091847,-0.8302344132810336,0.4925781371819907,-0.870268222314431,-0.411278940630911,-0.9115095353278075
3.566666666666667,0.22397849031602846,0.6066060238436211,0.9897924493646382,-0.1425163400482562,-0.6598661811116948,-0.7513831399659351,0.49256252510648946,-0.8702770586777058,-0.3506549872694313,-0.9365047142983718
3.5833333333333335,0.173594625100975,0.6608026423510125,0.9897911080792754,-0.14252565511935134,-0.746391328287944,-0.6655073140518882,0.492545816182923,-0.8702865154422986,-0.2955902706243384,-0.9553148129869181
3.6,0.12852903312398212,0.7098227505609311,0.9897899081051915,-0.1425339882733815,-0.8185794792944954,-0.5743932764909011,0.4925281135162081,-0.8702965341745107,-0.24502684829259946,-0.969516293630899
3.6166666666666667,0.08950555359001555,0.7526049293641418,0.9897888688892619,-0.14254120464944678,-0.8776396062522269,-0.4793211048320699,0.49250953764749905,-0.8703070465796808,-0.19803181410068946,-0.9801955930343648
3.6333333333333333,0.057155560824298846,0.7882477208220887,0.9897880074136906,-0.14254718650340326,-0.9244659698266781,-0.38126456776419637,0.4924902278061148,-0.8703179737977845,-0.1538028254903098,-0.9881015589863207
3.65,0.03199781490218356,0.8160253884464929,0.9897873376460753,-0.14255183701199417,-0.9597047671620297,-0.28101024872142,0.4924703370762503,-0.8703292291426299,-0.1116482449736023,-0.9937477896299013
3.6666666666666665,0.014421986908587314,0.8354014163489754,0.9897868700886602,-0.1425550833891715,-0.9838082663085476,-0.1792241477674531,0.4924500232467753,-0.8703407232826984,-0.07095562786881707,-0.9974794729084614
3.683333333333333,0.004688674844544494,0.8460212720222154,0.9897866117696051,-0.14255687693564573,-0.9970701181096674,-0.07649300342367171,0.4924294429409224,-0.8703523675643635,-0.031162721409479073,-0.999514324456811
3.7,0.002937975810368698,0.8476961120056512,0.9897865664652008,-0.14255719148828894,-0.9996450085030679,0.026643141235620636,0.4924087514354498,-0.8703640741148393,0.008263847548068604,-0.9999658538288706
3.716666666666667,0.009194848976449066,0.8403935639594997,0.9897867348393568,-0.142556022447475,-0.9915581026008283,0.12966313726979314,0.49238810389397575,-0.8703757551446935,0.047846158897487806,-0.9988547167024624
3.7333333333333334,0.023369875698278975,0.8242364819465814,0.9897871144632582,-0.1425533866398729,-0.9727062380034169,0.23204002790303246,0.4923676554676804,-0.8703873228909412,0.0881125446031282,-0.9961105257367586
3.75,0.045256166361639316,0.7995083481087804,0.9897876997350746,-0.142549322878608,-0.9428508655287969,0.33321501372476975,0.49234756201248203,-0.8703986892110794,0.1296152502539612,-0.9915643634689596
3.7666666666666666,0.07452133296567354,0.7666677299411909,0.9897884816709268,-0.14254389342080376,-0.9016017602963557,0.43256706512460313,0.492327981147692,-0.8704097649837332,0.17295011805830374,-0.9849305846929614
3.783333333333333,0.11070193089972236,0.7263622474750074,0.9897894477650939,-0.1425371849478952,-0.8483870880910909,0.529376377221651,0.4923090691095471,-0.8704204618875243,0.21878328783054782,-0.9757734742070291
3.8,0.1532130314448068,0.6794240658943013,0.989790582257018,-0.14252930672431297,-0.782404156352119,0.6227710141961722,0.49229097218056106,-0.8704306972467815,0.267884633551559,-0.9634509967335895
3.816666666666667,0.20136935087521124,0.6268517980490484,0.9897918667080144,-0.1425203866071941,-0.7025521606128126,0.7116322516709518,0.49227381917549223,-0.8704403982780066,0.3211567481353227,-0.9470260519791126
3.8333333333333335,0.25439927912390203,0.5698070804651032,0.9897932803884163,-0.14251056837279832,-0.6073572165467268,0.79442885868315,0.49225772047196553,-0.8704495026339807,0.3796447107311656,-0.9251323654558031
3.85,0.31144779914257015,0.5096356050561127,0.9897948003681194,-0.14250001110257765,-0.49490527782442606,0.8689469293239533,0.4922427701826906,-0.8704579571713219,0.4445115709810096,-0.8957731092547905
3.8666666666666667,0.37158465187991396,0.44789357997771573,0.9897964017465044,-0.1424888876006563,-0.3628210919991139,0.9318588172038565,0.4922290454408919,-0.8704657183510149,0.5169406489552204,-0.8560212412421526
3.8833333333333333,0.43382732087042086,0.38636826791556067,0.9897980582754392,-0.14247738007898006,-0.20841303456687515,0.9780409025304752,0.4922166026401542,-0.8704727543613209,0.5978574109000164,-0.8016024677057382
3.9,0.4971692912178014,0.32710336161802955,0.9897997431193049,-0.14246567488682396,-0.029293760679822856,0.9995708457059126,0.49220547451385677,-0.8704790467659684,0.6872450533332795,-0.7264256580469456
3.9166666666666665,0.5605968146575151,0.27243387156301246,0.989801429305199,-0.1424539593882362,0.17487513609591843,0.9845906188743797,0.4921956706690439,-0.8704845901994188,0.7826898609998229,-0.62241190660854
3.933333333333333,0.623088894555849,0.22497745563103347,0.9898030897237351,-0.14244242195830456,0.39859898213316536,0.9171253193770219,0.49218718052085314,-0.8704893907055578,0.8769093587353387,-0.4806557776230065
3.95,0.6836219109243871,0.18741777856135697,0.9898046972507494,-0.14243125113665295,0.6248480780952865,0.7807463604145886,0.49217997446628586,-0.8704934650727518,0.955263588700774,-0.29575577103840006
3.966666666666667,0.7412015591154955,0.16186868464832346,0.9898062255912903,-0.1424206297582054,0.8221201157233495,0.569314074411503,0.49217400173922615,-0.8704968420459641,0.9972742142153155,-0.07378442695599848
3.9833333333333334,0.7948981708991028,0.14888696992676229,0.9898076502089981,-0.14241072848539768,0.9539027295370297,0.3001159485628917,0.4921691895063566,-0.8704995628377168,0.9867104746820575,0.16248827389294485
4.0,0.8438482412138342,0.14680353160612122,0.9898089483555332,-0.14240170559130746,0.9999241775382075,0.012314185906479065,0.49216544606235996,-0.8705016793218944,0.9241783082638649,0.381961325967094
4.016666666666667,0.8872464803035882,0.15212344205040265,0.989810098847784,-0.14239370849493352,0.9670800740189471,-0.2544722586756908,0.4921626639181799,-0.8705032522885602,0.8266097185086396,0.5627755976115769
4.033333333333333,0.9243698545654411,0.1607381427216694,0.9898110826924952,-0.14238686940554085,0.8781656756455328,-0.47835660977771055,0.49216072010914363,-0.8705043512709452,0.7141230077856272,0.7000202352441028
4.05,0.9546061737805758,0.16896684881401872,0.989811883830379,-0.142381300135082,0.7555884579009967,-0.6550466260403099,0.492159477164633,-0.8705050539985596,0.6001613446660147,0.7998789660746688
4.066666666666666,0.9774503791841767,0.17396017794644406,0.9898124890249195,-0.14237709285658892,0.6143914142683113,-0.7890013878779836,0.49215878615422254,-0.8705054446763686,0.49040916604687484,0.8714923119897322
4.083333333333333,0.9925021054638137,0.17369569751234684,0.9898128877866594,-0.14237432061798874,0.4625823165870978,-0.8865763364656841,0.4921584891299699,-0.8705056126052866,0.38540249898450063,0.9227485647653438
4.1,0.9994940606873683,0.16688015256110214,0.9898130731154505,-0.142373032171643,0.3032689453759703,-0.9529050040641757,0.4921584208553536,-0.8705056512057602,0.28274283337646106,0.9591957517494804
4.116666666666666,0.9983146286587044,0.15286129115921357,0.989813042092338,-0.14237324785194522,0.13622037664201325,-0.9906785598707121,0.4921584117432628,-0.8705056563574696,0.1780144310626825,0.9840278768070697
4.133333333333334,0.9889989888810646,0.13157773997544667,0.9898127956417078,-0.1423749612254448,-0.04148174119344524,-0.9991392621389473,0.49215829144653717,-0.8705057243697053,0.06457530650103999,0.997912836769974
4.15,0.9717119590143852,0.10362995841443717,0.9898123380781018,-0.14237814224227557,-0.23548058521502385,-0.9718790531680318,0.4921578917878922,-0.8705059503248082,-0.06775758742420353,0.9977018138434206
4.166666666666667,0.9467376526636713,0.07062324789020763,0.9898116768367343,-0.14238273911416457,-0.45383813383537114,-0.8910841420858233,0.49215704908719704,-0.8705064267619064,-0.2351533199133202,0.971958289297305
4.183333333333334,0.9144754382259634,0.036155010097061235,0.9898108223736775,-0.1423886790160805,-0.7003463609059757,-0.7138031764889793,0.49215560637248046,-0.87050724242601,-0.46036343509971417,0.8877305377327014
4.2,0.8754463715957286,0.008173893990891273,0.9898097883460348,-0.14239586684443353,-0.9339161382174822,-0.3574921632385033,0.4921534161892411,-0.8705084806785398,-0.747275360007221,0.6645145117498024
4.216666666666667,0.8302950751420326,0.0010818552171477092,0.9898085916740131,-0.14240418479913688,-0.9801780583164086,0.19811858568815577,0.4921503437955453,-0.8705102176895608,-0.9746584150671237,0.22369839949995737
4.233333333333333,0.7797696650782768,0.025936297335345138,0.9898072520229044,-0.1424134959997348,-0.7325808862743833,0.6806799872667324,0.4921462692201086,-0.8705125212728008,-0.9664248591277883,-0.2569493951342062
4.25,0.7247014362246205,0.0770090778960823,0.989805791278531,-0.14242364814693273,-0.40789784833107284,0.9130275709565846,0.4921410887195164,-0.8705154500604623,-0.8264400773397493,-0.5630246873509803
4.266666666666667,0.6660003783594561,0.14338472015272366,0.9898042334416871,-0.1424344742712035,-0.14035553092996536,0.9901011690415114,0.49213471730754516,-0.8705190520721661,-0.6868902936404411,-0.7267611192837359
4.283333333333333,0.6046400332005533,0.21817749463004413,0.9898026042385953,-0.14244579545390065,0.06673249545530087,0.997770902587517,0.4921270904753482,-0.8705233637417599,-0.5756288083463202,-0.8177111195292598
4.3,0.5416243563984722,0.2975203052532276,0.989800930250899,-0.1424574268841574,0.23137439579283545,0.9728647845263494,0.4921181632735114,-0.8705284104360441,-0.488558270687308,-0.872531269435673
4.316666666666666,0.47796608749524694,0.37891371789409745,0.9897992383472112,-0.14246918181585996,0.36688675666996134,0.9302656114143941,0.49210790951870476,-0.8705342069035141,-0.41872069428254094,-0.9081150699000358
4.333333333333333,0.414679484950625,0.4604610479066392,0.989797555492814,-0.1424808728933462,0.4813646396126397,0.8765204411367675,0.49209632253559055,-0.8705407568557305,-0.3609185277887537,-0.9325973495023447
4.35,0.3527689442894939,0.5405611402836499,0.9897959084468912,-0.14249231425516737,0.5796496848202435,0.8148657821308932,0.4920834153650999,-0.8705480528509719,-0.3116508458307688,-0.9501966903188868
4.366666666666666,0.29322059991920923,0.6177765342976608,0.989794323536076,-0.14250332310427616,0.6646980585901422,0.7471121006291466,0.4920692216836543,-0.8705560757766513,-0.2685640740066435,-0.9632618222233009
4.383333333333334,0.23700114046795306,0.6907670768840725,0.9897928266172966,-0.1425137199603681,0.738354290623069,0.6744130348076797,0.49205379925519066,-0.8705647929008687,-0.23004681380732253,-0.9731795638303854
4.4,0.18504177003217137,0.7582792848862674,0.989791442642501,-0.14252333167477083,0.8017885322982384,0.5976078559348401,0.49203723124910853,-0.8705741571312069,-0.19497289625447045,-0.9808086305320439
4.416666666666667,0.13820407766138487,0.819175741401703,0.9897901947382355,-0.14253199781117895,0.8557587776253,0.5173750230898787,0.49201962159705864,-0.8705841096433401,-0.16252956351300515,-0.9867036743542977
4.433333333333334,0.0972528813154554,0.8724602613949821,0.9897891034682523,-0.14253957575183526,0.9007684502609685,0.43429966499463596,0.4920010886769042,-0.870594583454745,-0.13210254591603546,-0.9912360553180568
4.45,0.06284695770722237,0.9172817544860135,0.9897881865718047,-0.14254594249889574,0.9371567762419197,0.34890855068893406,0.4919817621918686,-0.8706055051919805,-0.10320609617894184,-0.9946599930184701
4.466666666666667,0.035538015887937036,0.9529299485595468,0.9897874589222448,-0.1425509949465295,0.965151073013803,0.2616933439358073,0.49196178325269535,-0.8706167950475272,-0.07544228139450758,-0.997150170324406
4.483333333333333,0.015767760997903224,0.9788363237511524,0.9897869324359692,-0.14255465049935825,0.9848993989576287,0.17312762325204417,0.49194130558056137,-0.8706283661032947,-0.04847608297566181,-0.9988243436056896
4.5,0.003858387696993759,0.9945860537497468,0.9897866158079337,-0.1425568488971253,0.996492858741598,0.08367784938081031,0.4919204939454497,-0.870640125216191,-0.02201716466173744,-0.9997575928495157
4.516666666666667,2.4128253812705225e-06,0.9999313987906411,0.9897865142322302,-0.14255755414572446,0.9999808237530063,-0.006192909353361236,0.4918995178400312,-0.8706519765949795,0.0041976972750706314,-0.9999911896299821
4.533333333333333,0.004261186382223059,0.9947924604294787,0.9897866293575103,-0.14255675482101396,0.9953790075176402,-0.09602411880979539,0.4918785462055222,-0.8706638247812654,0.03042030932032741,-0.9995371952963309
4.55,0.016566828448276283,0.9792536834463694,0.9897869593370052,-0.14255446371968006,0.9826717357321745,-0.185354416707872,0.491857748035257,-0.8706755743086432,0.05690219552319316,-0.9983797574794073
4.566666666666666,0.03672018759925777,0.9535675433600661,0.9897874987757739,-0.14255071822757506,0.9618099042740724,-0.27371830052135643,0.4918372927526072,-0.8706871294889951,0.08390578732098572,-0.9964736920029779
4.583333333333333,0.06439277742720151,0.9181531435483774,0.9897882387880845,-0.1425455799272001,0.9327031069497168,-0.360645136229986,0.49181734469469784,-0.8706983975277873,0.1117200132080359,-0.9937397237953187
4.6,0.09913719813658872,0.8735824237807885,0.9897891672845717,-0.1425391326131679,0.8952048377296499,-0.44565490966153537,0.49179805694382883,-0.8707092920063932,0.14067736466866979,-0.9900554929244513
4.616666666666666,0.14039635658843963,0.8205685948788186,0.9897902692293311,-0.14253148051896566,0.8490910029173956,-0.5282465984412311,0.4917795700003461,-0.8707197336286083,0.17117138136340765,-0.9852412690311663
4.633333333333334,0.18750614339052163,0.7599655353554946,0.989791526723944,-0.1425227477474526,0.7940285737755333,-0.6078804356351605,0.4917620130033646,-0.870729649527842,0.20368052356446067,-0.9790374070077748
4.65,0.2396965932355215,0.6927718357549959,0.9897929190524742,-0.14251307797385554,0.7295253534299306,-0.683953769419348,0.49174550369108433,-0.8707389732862552,0.23880726456263007,-0.9710669855329827
4.666666666666667,0.29610189097439843,0.6201257962440067,0.9897944229632071,-0.14250263250526957,0.6548430285802684,-0.7557649157772686,0.4917301450885436,-0.8707476468019881,0.2773453275653445,-0.9607702999560674
4.683333333333334,0.3557883691632924,0.5432787121500408,0.9897960134292197,-0.14249158501337508,0.5688463264451593,-0.8224438320577566,0.4917160191222962,-0.8707556238914117,0.32038913573266214,-0.9472860189533454
4.7,0.4177882609636754,0.4635651558536462,0.9897976645591793,-0.14248011522031537,0.46975530766845414,-0.8827966645368094,0.4917031822267848,-0.8707628727662046,0.36949448500296406,-0.929232923196544
4.716666666666667,0.4811145849098466,0.3824135592913892,0.9897993500015465,-0.14246840609944367,0.3547383036370759,-0.9349656335570253,0.49169166691793487,-0.8707693751410086,0.4269146513398966,-0.9042919221530924
4.733333333333333,0.5447622576516551,0.3014089328075622,0.9898010429792494,-0.14245664364005675,0.21920124300831414,-0.9756796682639287,0.49168148517876203,-0.8707751243187914,0.49596703468410186,-0.8683413502227444
4.75,0.607716991297309,0.22241431625977767,0.9898027165291816,-0.14244501518639582,0.05555569261836086,-0.9984555899075803,0.4916726292620604,-0.8707801247355916,0.5815143817344015,-0.8135361232521005
4.766666666666667,0.6689664096196566,0.14785202965012137,0.9898043437977472,-0.14243370738386013,-0.14849038877917253,-0.9889138508688258,0.4916650719396442,-0.8707843918184252,0.6899659230765685,-0.7238418508162531
4.783333333333333,0.7275074996630337,0.08139490372749922,0.9898058982359027,-0.14242290482017925,-0.409303919484403,-0.9123981047189353,0.49165876721541996,-0.8707879515819069,0.8250645270456823,-0.5650385174577788
4.8,0.7823692653845455,0.029452714664707835,0.9898073541947593,-0.14241278587953551,-0.7244597035339055,-0.6893171533884571,0.49165364945266604,-0.8707908411208026,0.9622354500074406,-0.2722185496048684
4.816666666666666,0.8326455976294937,0.0022896065820308398,0.9898086877884559,-0.14240351673499896,-0.974369525064762,-0.2249533921172783,0.4916496325536958,-0.8707931090734561,0.9812074508238683,0.19295579402476154
4.833333333333333,0.8775092693808233,0.006305905250367727,0.9898098772529639,-0.14239524884093757,-0.9431664442521528,0.3323207162317012,0.49164661179977837,-0.8707948145836641,0.767380470044402,0.6411920259909917
4.85,0.9162167792967466,0.03200313426049642,0.9898109030608568,-0.14238811812033736,-0.7107691946418894,0.7034252994797102,0.49164446634094405,-0.8707960258960351,0.4768668851401183,0.8789755251750536
4.866666666666666,0.9481293923486191,0.0650969073128225,0.9898117484649216,-0.14238224117078246,-0.4574699354635394,0.8892250885726206,0.49164306063344476,-0.8707968195457416,0.24297196504283683,0.9700333108729939
4.883333333333334,0.972732336047045,0.0972670252960541,0.9898123999927482,-0.14237771181120962,-0.23217459610554006,0.9726741267882216,0.4916422465735847,-0.8707972791551881,0.06832665553393819,0.9976630032949736
4.9,0.9896320600817035,0.12470456179943937,0.9898128473615506,-0.14237460166061844,-0.03254698316519098,0.9994702066029005,0.49164186671063353,-0.8707974936213836,-0.06953595414994891,0.9975794459993932
4.916666666666667,0.9985502035885361,0.14572334628312575,0.9898130833083618,-0.1423729613079463,0.1496089605197374,0.9887452447077577,0.4916417570159041,-0.8707975555537089,-0.18741353017185464,0.9822811047294574
4.933333333333334,0.9993280620215046,0.1597083982197607,0.9898131037009774,-0.14237281953321768,0.32015138242472563,0.9473663981435784,0.4916417490856316,-0.8707975600310447,-0.29595440253418914,0.9552020684758964
4.95,0.9919372239188533,0.16674477838047366,0.9898129078150881,-0.14237418137653993,0.4820101164778167,0.8761656507835955,0.4916416724895174,-0.870797603276278,-0.40201964816788155,0.915631040587295
4.966666666666667,0.9764969209829246,0.16753697180162927,0.9898124987923492,-0.14237702495292465,0.6351422930338091,0.772395149906934,0.49164135774301604,-0.8707977809782267,-0.5099914666759432,0.8601794602975128
4.983333333333333,0.9532816931356365,0.16345333246671304,0.9898118838457745,-0.1423813000280552,0.7758082277543155,0.6309687739886248,0.4916406399072872,-0.870798186258764,-0.6219142052545291,0.7830853857036456
5.0,0.9226974356113828,0.15660357203467254,0.9898110736318332,-0.142386932391276,0.8950016577437792,0.4460628124332796,0.49163936145394826,-0.8707989080546403,-0.7364665064687425,0.6764740089979258
5.016666666666667,0.8852540636326012,0.14990773636279767,0.9898100815356867,-0.14239382883509136,0.9766544857987081,0.2148162362794331,0.49163737397172874,-0.8708000301528375,-0.8467770295796004,0.5319479882247403
5.033333333333333,0.841569230112384,0.14703195327594712,0.9898089237805178,-0.14240187640776775,0.9984584927714468,-0.05550349730035552,0.49163454067843954,-0.8708016297710403,-0.9384585232697803,0.34539195141506013
5.05,0.7923707322333939,0.1518900134928198,0.9898076195037688,-0.14241094189802433,0.9404185847722918,-0.34001894861151466,0.49163073942046703,-0.8708037758627858,-0.9921921923809766,0.12471829608454103
5.066666666666666,0.7384668529423379,0.1675911469736345,0.9898061899844379,-0.1424208772213214,0.8004730585007016,-0.59936873676772,0.4916258635224576,-0.8708065286364118,-0.9942874544683775,-0.10673545749559545
5.083333333333333,0.6807238499721961,0.19539925416262097,0.9898046580588457,-0.14243152349466598,0.6016364142911719,-0.7987700701696712,0.49161982217452793,-0.8708099393352636,-0.9474322957192383,-0.3199563173750034
5.1,0.6200747452530777,0.23454401427281793,0.9898030483652522,-0.14244270934959843,0.3788694121911405,-0.9254501437170668,0.4916125436463138,-0.87081404842228,-0.8683819811890747,-0.495895891035747
5.116666666666666,0.5575161310691215,0.28292172645262903,0.9898013872696436,-0.14245425146021093,0.16044439384731266,-0.9870448806832283,0.49160397833998093,-0.870818883856054,-0.7759924283079908,-0.6307422224718018
5.133333333333334,0.49407189161252063,0.3379719649538314,0.9897997019108113,-0.14246596118816926,-0.03878715419625779,-0.9992474952029431,0.49159409769614526,-0.8708244617087377,-0.6832021651314355,-0.7302292801303703
5.15,0.4307624911562016,0.39721214348017664,0.989798019388978,-0.142477650225066,-0.21410285789902944,-0.976811121066641,0.49158289213644396,-0.8708307873282669,-0.5963538753536547,-0.8027216549655787
5.166666666666667,0.36860132522656386,0.4584134464229286,0.9897963666696964,-0.14248913126083676,-0.3658530342016065,-0.9306726370563809,0.4915703724117399,-0.8708378545785567,-0.5175312283777255,-0.8556643194932476
5.183333333333334,0.30859419861951665,0.5196067630261725,0.9897947705682278,-0.1425002180903214,-0.49619111685665773,-0.8682133237589381,0.49155657250750995,-0.8708456442014676,-0.44671774436760747,-0.8946749448079547
5.2,0.2517217019913005,0.5790564963119945,0.9897932572762449,-0.1425107288960422,-0.6075568763410529,-0.7942761748980657,0.4915415500001615,-0.8708541236185534,-0.38305817378981766,-0.9237242204753591
5.216666666666667,0.198910817818728,0.6352433346760865,0.9897918515984109,-0.14252049154205682,-0.7021233502953615,-0.7120553356095417,0.49152538300952203,-0.8708632486546568,-0.32545805655098403,-0.9455564781788851
5.233333333333333,0.15101256637797178,0.6868487271271643,0.9897905763465435,-0.14252934776942314,-0.781658023072736,-0.6237072510128626,0.49150816650408624,-0.8708729656268999,-0.2728327292603393,-0.9620614854801923
5.25,0.1087944756015986,0.7327315120743215,0.9897894521266547,-0.1425371546608698,-0.8475327579118224,-0.5307430868757316,0.4914900117893493,-0.8708832116370744,-0.2241987977906776,-0.974543431084123
5.266666666666667,0.07293742193917296,0.7719098340606942,0.989788497241723,-0.1425437853011195,-0.9007784498762326,-0.43427892446971395,0.4914710486964188,-0.8708939133403346,-0.17869984496815647,-0.9839036362410482
5.283333333333333,0.044020940866005276,0.8035670918427699,0.9897877272870998,-0.14254913157167148,-0.9421502116878296,-0.3351909584350057,0.4914514243054034,-0.870904987669832,-0.13559917578598302,-0.9907637778634028
5.3,0.02250224258199296,0.8270707171181555,0.9897871545787684,-0.14255310810664593,-0.9721873112400471,-0.23420467942346473,0.4914312951906113,-0.8709163462166032,-0.09425328829949506,-0.995548249782366
5.316666666666666,0.008707487271749415,0.8419760285988401,0.9897867879102679,-0.14255565396810638,-0.9912569185229304,-0.13194590361365716,0.4914108190061179,-0.8709278999800939,-0.054080852482384395,-0.9985365598688806
5.333333333333333,0.0028377895823155086,0.8480120758936683,0.9897866327049987,-0.14255673157904547,-0.9995800888406983,-0.02897664565165985,0.49139015163670036,-0.8709395609767997,-0.014538022727725745,-0.9998943173631742
5.35,0.004977069790186306,0.845067801871865,0.9897866912206017,-0.14255632529836518,-0.9972452610318843,0.0741747217685987,0.49136944833176605,-0.8709512416008923,0.024900088517158695,-0.9996899447287833
5.366666666666666,0.015094911764492736,0.8331872532459663,0.9897869626230693,-0.14255444090381336,-0.9842130846914445,0.17698758126532876,0.49134886435638264,-0.8709628542571107,0.06475669206879703,-0.9979010826892147
5.383333333333334,0.033045623126042756,0.8125713325995738,0.9897874429624679,-0.14255110576147512,-0.9603130844018168,0.2789243265236451,0.4913285551227597,-0.8709743112864933,0.1055709918537669,-0.9944117686748342
5.4,0.058562605249903754,0.7835877164304758,0.989788125026348,-0.14254636984794242,-0.9252317692913647,0.3794023894152103,0.4913086774578799,-0.8709855242508849,0.147916512901903,-0.9889998509660864
5.416666666666667,0.09124985288838161,0.7467874587501554,0.9897889981196876,-0.1425403072861323,-0.8784896637788526,0.47776135322325775,0.4912893892183916,-0.8709964041495347,0.19242404731787527,-0.981311869903655
5.433333333333334,0.1305826920867048,0.7029116438148032,0.9897900480947391,-0.1425330161492904,-0.8194012568137544,0.5732203593139724,0.49127084312480623,-0.8710068648957033,0.23981298687775338,-0.9708191032961653
5.45,0.17592488491288805,0.6528776752717524,0.9897912578199334,-0.1425246152186846,-0.7470144166517181,0.664807837885876,0.49125317764004917,-0.8710168284588733,0.2909253548422116,-0.9567457540590045
5.466666666666667,0.2265484286911601,0.5977652149614938,0.9897926077211394,-0.14251524023972567,-0.6600351236443656,0.7512347406475336,0.49123651246958266,-0.8710262273988778,0.3467482782536207,-0.9379582248310154
5.483333333333333,0.2816409908274977,0.5388262861417685,0.9897940759927605,-0.14250504247091605,-0.5567499942720454,0.8306801092346423,0.49122094998443694,-0.8710350040591867,0.40841085355872037,-0.9127982113783075
5.5,0.34030906770613,0.4775126316042333,0.9897956386945395,-0.14249418802627944,-0.43496866373155796,0.9004455905670163,0.49120657646860055,-0.8710431098596653,0.47713273676078577,-0.8788312417700924
5.516666666666667,0.4015934343401568,0.41550043720675156,0.9897972701749661,-0.14248285494818375,-0.29205518056994123,0.9564014698348487,0.4911934595495077,-0.8710505067421671,0.5540562224850084,-0.8324792503874453
5.533333333333333,0.4644967221002503,0.3547133884329504,0.9897989438150903,-0.1424712280516027,-0.12524966737641693,0.9921252546035187,0.4911816443452677,-0.871057169339808,0.6397973560647217,-0.7685436507919324
5.55,0.5280079815760246,0.29735702044636947,0.9898006326882003,-0.14245949434852834,0.06724480179459866,0.9977365066146499,0.49117115209089085,-0.8710630857485048,0.7334060160163994,-0.6797908617148019
5.566666666666666,0.591110420359314,0.24594742622962304,0.9898023097682301,-0.1424478416034328,0.2835443985140837,0.9589591096972209,0.4911619822297926,-0.8710682563451045,0.8303413031206155,-0.5572551662676247
5.583333333333333,0.6527795905694802,0.2032261171250346,0.9898039478816031,-0.1424364586683927,0.5129920295254453,0.8583933699903353,0.49115411503794243,-0.8710726923060415,0.9196176603214209,-0.39281466218174166
5.6,0.712000694153005,0.1717420203151291,0.9898055201644274,-0.14242553230382352,0.7306420103299399,0.6827607580558683,0.4911475109517027,-0.871076415985387,0.9825871238418424,-0.1858024328694752
5.616666666666666,0.7678080873373574,0.1529676347193126,0.9898070011052255,-0.14241523992564892,0.8995561299766904,0.4368051842885563,0.49114210828341776,-0.8710794622024558,0.9988091143482731,0.048788862405453756
5.633333333333334,0.8193059316275253,0.14633071100139114,0.98980836708309,-0.14240574585425642,0.9884738064897342,0.1513919875148474,0.49113782444878257,-0.8710818775498184,0.9596386885564142,0.2812358217328038
5.65,0.8656582723194219,0.1490478324505853,0.9898095960927973,-0.14239720321204846,0.9914804915743342,-0.13025526794535708,0.4911345598287308,-0.8710837182164748,0.8757110533335745,0.4828355321115063
5.666666666666667,0.906095005205998,0.1570843150463336,0.9898106678907278,-0.14238975289574507,0.9264584430975685,-0.3763970685502604,0.4911321993692919,-0.8710850490868742,0.767814891714582,0.640671750634695
5.683333333333334,0.9399452277942828,0.16641867455419027,0.9898115648656683,-0.14238351750879294,0.8178917268421297,-0.5753721605736578,0.4911306126818401,-0.8710859436856735,0.6533972666980454,0.7570151992341523
5.7,0.9666505077069587,0.1737613989911803,0.989812272376973,-0.14237859899554078,0.6847388279248435,-0.7287885410268959,0.491129656230284,-0.8710864829459375,0.5416226498288391,0.8406217372828202
5.716666666666667,0.985754789976113,0.1766910211201114,0.9898127784751378,-0.14237508057004858,0.5381411509941411,-0.8428547333952043,0.4911291763909629,-0.8710867534852854,0.4350964113120499,0.9003838697263382
5.733333333333333,0.9969178350892207,0.17356616284010287,0.9898130742474054,-0.14237302430200885,0.383302827063561,-0.9236227275057072,0.49112901129989883,-0.8710868465655901,0.33261823311369904,0.9430615626778143
5.75,0.9999471944275342,0.16342469875005752,0.989813154656294,-0.14237246527807051,0.221495936663236,-0.9751612943722058,0.49112899304195756,-0.8710868568596319,0.23075164394909606,0.9730126817337941
5.766666666666667,0.9948048728429058,0.14590555503786365,0.9898130187111981,-0.14237341040315543,0.05116068911179012,-0.9986904344638566,0.4911289511224749,-0.8710868804943268,0.12415563530403831,0.9922627566437484
5.783333333333333,0.9815906983788523,0.12124019922770865,0.9898126690272685,-0.14237584146587168,-0.13183765341954318,-0.9912713216576118,0.4911287158127335,-0.8710870131646639,0.0048619560735557715,0.9999881806217206
5.8,0.9605284008221702,0.09042095599170755,0.9898121114595587,-0.142379717684683,-0.3343740303286646,-0.9424404532073978,0.4911281207336294,-0.8710873486767292,-0.1396094646082381,0.9902066437829031
5.816666666666666,0.9319579442364443,0.05576329085283818,0.989811354905787,-0.14238497708526104,-0.5644027790282699,-0.8254995475620601,0.4911270050552327,-0.871087977706889,-0.32881434753624894,0.944394581122907
5.833333333333333,0.8963366036250591,0.022425321565364226,0.9898104113433273,-0.14239153625252218,-0.8148552142937228,-0.5796645406942977,0.4911252159159401,-0.8710889864368171,-0.5843115835909065,0.8115294038305002
5.85,0.8542465953277656,0.0013693526034287973,0.9898092960423802,-0.142399288860892,-0.9927127815391681,-0.12050449522224407,0.4911226115777426,-0.8710904547732444,-0.8712612461309015,0.4908195605214085
5.866666666666666,0.8063862194134686,0.008014792911955754,0.9898080273445587,-0.1424081072280408,-0.8935712887889556,0.44892132033580767,0.4911190642163459,-0.8710924547734648,-0.999954461144414,-0.009543355666880908
5.883333333333334,0.7535453457431345,0.04616145788734946,0.9898066260272966,-0.14241784674843044,-0.5775757107368751,0.8163371229870621,0.4911144614241696,-0.8710950497965465,-0.9067663195794795,-0.42163353955334865
5.9,0.696593936592592,0.10545092551210464,0.9898051150132553,-0.142428347928341,-0.27202371937208225,0.9622905466120815,0.49110870814912827,-0.8710982934090127,-0.7572339933992017,-0.6531436895819309
5.916666666666667,0.6364763992826283,0.17644869781773195,0.9898035192334675,-0.14243943735160763,-0.03362451676652125,0.999434536061376,0.49110172926190115,-0.8711022279365208,-0.6295538071601547,-0.776956886764095
5.933333333333334,0.5741851779952754,0.25385415570011927,0.9898018649377206,-0.14245093248487464,0.1519997972307579,0.9883805247179897,0.4910934699159432,-0.8711068842604325,-0.5299401620563515,-0.8480350373891917
5.95,0.5107298515824255,0.3345468388213888,0.989800178881985,-0.14246264733322386,0.30175883103147527,0.9533842918228292,0.49108389422104026,-0.8711122825656278,-0.4514193560219764,-0.892311921364219
5.966666666666667,0.44712488044893917,0.41635347515912724,0.9897984880072643,-0.1424743946768448,0.42649962676220404,0.9044877380991412,0.4910729853590266,-0.8711184322757574,-0.3876139916733557,-0.9218217796619083
5.983333333333333,0.3843814425848109,0.4975326530072689,0.9897968192239459,-0.14248598757126724,0.5326797478114849,0.8463168947099502,0.49106074625110385,-0.8711253316781168,-0.3341127891170185,-0.9425330997627864
6.0,0.3234953754858907,0.5765682461580521,0.989795199089559,-0.14249724158474175,0.62417991130848,0.7812806399232852,0.4910471996780858,-0.871132967857554,-0.28797395210355403,-0.9576382421926664
6.016666666666667,0.2654438899825209,0.6520715168419479,0.9897936537169965,-0.14250797543140697,0.7033894754169846,0.7108046467719659,0.49103239057802184,-0.871141315403668,-0.24720958230265522,-0.9689620335274993
6.033333333333333,0.21118001200426306,0.7227398982879908,0.9897922086197294,-0.1425180120394548,0.7718081490125457,0.6358554718784986,0.4910163893168015,-0.8711503345704984,-0.2104494409887469,-0.9776047426171397
6.05,0.1616055874706035,0.7873700523583423,0.9897908879832096,-0.1425271836016182,0.8303943173464974,0.5571761639900298,0.490999290060556,-0.8711599721980057,-0.17672508470093462,-0.9842602523913314
6.066666666666666,0.11753740202675544,0.8448899023097708,0.9897897137495836,-0.14253533791841758,0.8797755128540203,0.4753893635562806,0.4909812044759882,-0.8711701652669861,-0.1453239613516749,-0.989384124724597
6.083333333333333,0.07968912103655157,0.8943727784866731,0.9897887051219757,-0.14254234182502606,0.9203717099155503,0.3910446465394024,0.4909622566806292,-0.8711808437489107,-0.11569611194186344,-0.9932846569244568
6.1,0.04866757554185597,0.9350351789189086,0.9897878784510123,-0.142548081963399,0.9524655198877592,0.304646407208325,0.49094258186635603,-0.87119193138504,-0.08739936035237184,-0.9961733542963274
6.116666666666666,0.02497178917695919,0.9662337011614193,0.9897872471953919,-0.14255246504136015,0.9762440989009906,0.2166736240546893,0.4909223272768611,-0.8712033451388204,-0.060066964288689906,-0.9981943497140932
6.133333333333334,0.008986917066920341,0.9874712997028419,0.9897868217482736,-0.1425554190252029,0.9918264779143083,0.12759403476690478,0.4909016526356546,-0.8712149949579513,-0.03338661540921158,-0.9994425115590778
6.15,0.0009729786862067158,0.9984121320361778,0.9897866091270039,-0.14255689528348908,0.9992826205294623,0.03787141808502471,0.49088072605350014,-0.8712267860833874,-0.007082690404285658,-0.999974917433751
6.166666666666667,0.001058434932133423,0.998889478696366,0.9897866127951608,-0.14255686981511068,0.9986453635077542,-0.052033046657536317,0.4908597171494959,-0.8712386229271042,0.019101073729174592,-0.999817557848627
6.183333333333334,0.009241863511078918,0.988902104500543,0.9897868327039712,-0.14255534295788755,0.9899155197994783,-0.1416589695717454,0.4908387947033834,-0.8712504103953868,0.04541504606192682,-0.9989682044946141
6.2,0.025391911946712753,0.9686143177752622,0.9897872652909401,-0.14255233939813897,0.9730621976790021,-0.2305427497192451,0.49081812834765265,-0.8712620529354571,0.07211396198749379,-0.997396398873821
6.216666666666667,0.04924571067130046,0.9383594740218184,0.9897879034411221,-0.14254790844354048,0.9480183642863335,-0.3182156202574988,0.49079788608423497,-0.8712734559340405,0.09947014539555131,-0.9950405470004666
6.233333333333333,0.08041549822542038,0.8986317425637107,0.9897887366714037,-0.1425421227512304,0.9146697753715954,-0.4042019322339704,0.4907782273876844,-0.8712845296010956,0.1277902437773004,-0.9918012167744795
6.25,0.11839986864856655,0.8500712027191107,0.9897897514407843,-0.1425350761840416,0.8728372995785578,-0.48801132001666825,0.4907592992209468,-0.8712951912114316,0.1574319214752155,-0.9875298426379941
6.266666666666667,0.1625896915429621,0.7934576336408152,0.9897909313201456,-0.1425268826446392,0.8222518453797409,-0.5691238026735577,0.4907412365175998,-0.8713053648297922,0.1888230932327269,-0.9820111198260563
6.283333333333333,0.212269051823057,0.7297134177688775,0.9897922570306411,-0.14251767582370048,0.7625162001871858,-0.6469691217145496,0.49072416313022177,-0.871314980773396,0.22249129575907722,-0.9749346764329633
6.3,0.2666191441639967,0.6599052272103259,0.9897937065621433,-0.14250760839328502,0.6930412344682484,-0.7208979451536301,0.49070819038356367,-0.8713239764235162,0.25911347252409694,-0.9658468866008235
6.316666666666666,0.3247367271075632,0.5852287753028039,0.9897952556801055,-0.1424968485025357,0.6129340515637591,-0.7901340699106925,0.49069341195429295,-0.8713322991056022,0.2996005259684831,-0.9540647382853054
6.333333333333333,0.38566814657491477,0.506975342966471,0.9897968788454536,-0.14248557340235657,0.5208093709731868,-0.8536730047896053,0.49067989761175546,-0.871339909610318,0.3452272927270852,-0.9385191081466202
6.35,0.4484359096387607,0.42651657231149687,0.9897985499321216,-0.14247396447165145,0.41448475153965114,-0.9100562569100406,0.49066769172414204,-0.8713467830307875,0.39781894144425883,-0.9174639447020081
6.366666666666666,0.5120439263173466,0.3453401937123941,0.9898002423729366,-0.14246220621089628,0.29046758231558933,-0.9568848329991109,0.49065681656851196,-0.8713529068952794,0.46003313447158484,-0.8879017486120009
6.383333333333334,0.5754809835755736,0.2651338132696255,0.9898019292560656,-0.14245048557646486,0.1430523621367613,-0.9897151214804657,0.4906472745668352,-0.8713582799056521,0.5357823614685364,-0.8443561222252128
6.4,0.6377328529723059,0.18795596578115695,0.9898035836485367,-0.14243898973425118,-0.03714205784872873,-0.9993099957164252,0.49063904839576333,-0.8713629118738643,0.6306249267792684,-0.7760877538813781
6.416666666666667,0.6977903375008623,0.11665554567253608,0.9898051788086706,-0.14242790458170645,-0.2645024665385689,-0.9643850087983602,0.4906321016689309,-0.8713668233367207,0.7507006905098034,-0.6606424700759892
6.433333333333334,0.7546618495936173,0.05586160365119919,0.989806688515836,-0.1424174124512686,-0.5523022339773632,-0.8336439541816482,0.4906263790175666,-0.8713700455100066,0.8924657204020149,-0.4511152157789767
6.45,0.807404552293292,0.013706800753475301,0.9898080878895458,-0.14240768640927093,-0.8619768538660936,-0.5069476337839158,0.4906218047667767,-0.8713726210338438,0.9969782668731059,-0.07768098469186697
6.466666666666667,0.8551503306218251,0.00043281017184326753,0.9898093540674598,-0.14239888553130564,-0.9992660567421565,0.038305976596102714,0.4906182833597848,-0.871374603734294,0.9096248615223222,0.4154306335605212
6.483333333333333,0.8971112133320958,0.01571331783147592,0.9898104663359629,-0.1423911539800966,-0.8482986151508143,0.5295181390030096,0.4906157019411269,-0.8713760571698165,0.6337912601483665,0.7735041296331556
6.5,0.9325912213511174,0.04577826730217299,0.9898114064303982,-0.1423846189034372,-0.5915281542976317,0.8062843435620198,0.490613932272378,-0.8713770535538761,0.3620045109988847,0.9321763427680722
6.516666666666667,0.961010846767067,0.07879132303364916,0.989812159169614,-0.14237938600790054,-0.34802179468606037,0.9374864427945044,0.49061283225503816,-0.8713776728988928,0.15606931326450052,0.9877461057666324
6.533333333333333,0.9819154122139935,0.10884334336381246,0.9898127126638986,-0.14237553809884068,-0.13383407146555884,0.9910037544403915,0.4906122487477028,-0.871378001431481,-0.0007265851847895496,0.9999997360369498
6.55,0.9949673734440125,0.13328083244349762,0.9898130580997021,-0.14237313656485784,0.05825009905311354,0.9983020214145129,0.49061202071095533,-0.8713781298230483,-0.12909709825234233,0.991631957544141
6.566666666666666,0.9999454752687029,0.15098295317285929,0.9898131897085655,-0.14237222158467372,0.2356477626423036,0.9718385318362699,0.49061198161477976,-0.8713781518353665,-0.24281928615732354,0.9700715407999803
6.583333333333333,0.9967525271224531,0.1616890110874805,0.9898131049670129,-0.14237281073140678,0.4028651881472572,0.915259329468471,0.4906119616427617,-0.8713781630802101,-0.3506273566857439,0.9365150595391235
6.6,0.9854294714452294,0.1657869453513464,0.9898128049660379,-0.14237489640124198,0.5614312667774677,0.8275233728932663,0.49061179029028895,-0.8713782595567539,-0.4581555525824476,0.8888720322059144
6.616666666666666,0.9661718384398341,0.16430446996310386,0.9898122948472116,-0.14237844278294598,0.7095644537206819,0.7046405367391734,0.4906112997265568,-0.8713785357584949,-0.5686740068095488,0.8225629908883412
6.633333333333334,0.939322400580977,0.15897374319622273,0.9898115836125837,-0.1423833871852652,0.8410299604895389,0.5409885447576174,0.49061032825001005,-0.8713790827271546,-0.6826662804862286,0.7307302850485246
6.65,0.9053391134061144,0.15230403332702816,0.9898106832836236,-0.14238964589325334,0.9433448039524944,0.33181407573493604,0.4906087224458062,-0.871379986837025,-0.7962064848318292,0.605024985857396
6.666666666666667,0.8647823778448469,0.1476007636178814,0.9898096085738912,-0.14239711645535622,0.9969000498866678,0.07867839942423417,0.4906063390479434,-0.8713813287453286,-0.8986459151308034,0.4386747305449916
6.683333333333334,0.8183251272691336,0.14871119761748272,0.9898083771678869,-0.14240567575863733,0.9792844739066218,-0.20248930629895273,0.49060304801322985,-0.8713831816601285,-0.9724545717030671,0.23309248373511382
6.7,0.76673884924395,0.1592273214678648,0.9898070093637209,-0.14241518252787133,0.8783027975105224,-0.4781047959236451,0.4905987346588169,-0.8713856101354714,-0.9999900897035382,0.004452021418372089
6.716666666666667,0.7108603866199701,0.1813559225783112,0.9898055272062124,-0.14242548336597635,0.7052762374359104,-0.7089325982829717,0.4905932997439697,-0.8713886700240734,-0.9756251190296397,-0.21944390426348487
6.733333333333333,0.6515866766804947,0.21526903173294507,0.989803954359378,-0.1424364136537365,0.4914339144014138,-0.8709148682713506,0.49058666113102206,-0.8713924075411237,-0.9104064930624534,-0.41371489867990624
6.75,0.5898844318546708,0.25942974112743467,0.9898023163743277,-0.14244779570079488,0.26948842778517945,-0.9630036278695279,0.4905787576490363,-0.8713968570883923,-0.8232895371839278,-0.5676216503653414
6.766666666666667,0.5267687774538672,0.3114518433938128,0.9898006401319179,-0.14245944262998345,0.06058330703271933,-0.9981631444353068,0.49056955022974086,-0.8714020406146578,-0.7302791374733837,-0.6831488720411758
6.783333333333333,0.46326387568785776,0.3688114353405858,0.989798952803561,-0.14247116560544473,-0.12625997819588847,-0.9919971864405532,0.49055901959602366,-0.8714079689175376,-0.640616598117412,-0.7678609081184393
6.8,0.40038620771338174,0.4291742599399547,0.9897972814095938,-0.1424827769036577,-0.2893320205213156,-0.9572288033177089,0.49054716566137335,-0.8714146419825599,-0.558152874187371,-0.8297381328084041
6.816666666666666,0.3391464530108692,0.49046320853115744,0.9897956528687677,-0.1424940895689712,-0.4300649811975185,-0.9027979352809675,0.49053401019063286,-0.8714220474869202,-0.4837281252722892,-0.875218316090652
6.833333333333333,0.2805413970390873,0.5508402457283149,0.9897940937800286,-0.14250491892623188,-0.550782963764151,-0.8346485049571334,0.490519598841595,-0.8714301596526716,-0.4168330872723434,-0.9089830456917263
6.85,0.2255291506438084,0.6086861896412123,0.9897926297571202,-0.14251508719600295,-0.6537661602807533,-0.7566966417738091,0.49050399972104364,-0.8714389400627324,-0.35647774277970623,-0.9343038150958636
6.866666666666666,0.1750016950270492,0.6625881006578151,0.9897912846884774,-0.14252442862447606,-0.7409491525218163,-0.6715611315265366,0.4904872995152525,-0.8714483398424917,-0.30157909116511,-0.9534411632460738
6.883333333333334,0.12976973916613588,0.7113211651050422,0.9897900803223187,-0.1425327923515769,-0.8138710091868813,-0.581045592363566,0.490469600985618,-0.8714583010729823,-0.2511147527645994,-0.9679573239270284
6.9,0.09055965743726802,0.7538257151998964,0.9897890361722574,-0.14254004305174628,-0.8737095880362238,-0.4864478962577308,0.49045102427986886,-0.8714687560565941,-0.20417622892346401,-0.978934148726355
6.916666666666667,0.058005810213387576,0.7892003184144841,0.9897881692995246,-0.14254606243139634,-0.9213402539093698,-0.3887571690994494,0.4904317082915442,-0.8714796265560301,-0.15997759660952243,-0.9871206454041173
6.933333333333334,0.03263059846409533,0.8167177271676578,0.9897874937684774,-0.14255075299526196,-0.9573978175444819,-0.28877226141210804,0.4904118060240719,-0.8714908264073742,-0.11783823398428188,-0.9930328043984578
6.95,0.014827602443460819,0.8358391863597838,0.9897870201855232,-0.14255404123441262,-0.9823278451061443,-0.1871683860301167,0.4903914754486671,-0.8715022666678953,-0.07715299597727208,-0.9970192652159391
6.966666666666667,0.004861140884031556,0.8462079629268973,0.989786755678164,-0.14255587776059792,-0.9964202121149898,-0.08453851719020594,0.49037087345120584,-0.8715138590238835,-0.037364160316107356,-0.999301715961637
6.983333333333333,0.0028747976394356556,0.8476331893940177,0.9897867041159406,-0.14255623576435877,-0.9998274894374611,0.018573943178108517,0.49035015553044387,-0.8715255159611046,0.0020593153405807354,-0.999997879607916
7.0,0.008896940256761354,0.8400805054777041,0.9897868662540107,-0.1425551100138653,-0.992573398002111,0.1216472341590345,0.490329477054395,-0.8715371500581967,0.041639028789988694,-0.9991327195530264
7.016666666666667,0.022841583086005812,0.823670757273332,0.9897872397554925,-0.14255251669894528,-0.9745531575065761,0.22415651494873537,0.49030899337904943,-0.87154867391995,0.08190460970285142,-0.9966401732367723
7.033333333333333,0.044505431477716684,0.7986852895301955,0.9897878191147846,-0.1425484939660829,-0.9455255242285205,0.32554797347300674,0.4902888605260907,-0.8715599997957844,0.12341162779206184,-0.9923555663801729
7.05,0.0735599526605597,0.765580336744178,0.989788595451094,-0.14254310335807413,-0.9050953682739238,0.4252086244763742,0.49026923628887015,-0.8715710389570823,0.16676176914084068,-0.9859972172136273
7.066666666666666,0.10954553822239177,0.7250014748079416,0.9897895563611233,-0.1425364308464709,-0.8526822200087578,0.5224299299245175,0.4902502772616858,-0.8715817033674125,0.21263032532781886,-0.9771327160375841
7.083333333333333,0.15188056257409244,0.6777800271630595,0.9897906861723136,-0.142528585085732,-0.7874686943984659,0.6163546506211951,0.49023213035150864,-0.8715919104552436,0.2618010359251331,-0.9651218667031264
7.1,0.1998824293875714,0.6249154608393674,0.9897919665173494,-0.14251969343819948,-0.7083292943034573,0.7058821508095854,0.4902149251083113,-0.8716015874245828,0.31519743417722185,-0.9490261205510078
7.116666666666666,0.2527819975861121,0.5675720394483353,0.9897933767319199,-0.1425098992267684,-0.6137490069631413,0.7895012073782774,0.49019877256949645,-0.8716106719007971,0.3738958869327031,-0.9274706818734527
7.133333333333334,0.3097266360591675,0.507100696484316,0.9897948939488885,-0.14249936109579067,-0.5017466287804296,0.8650146360076654,0.49018376744459974,-0.8716191106979118,0.4391047749714921,-0.898435861148271
7.15,0.3697880020605453,0.4450677911821056,0.9897964933179424,-0.14248825149992025,-0.3698408113615836,0.9290951373521473,0.4901699875204163,-0.8716268601495911,0.5120695248885008,-0.8589440038095995
7.166666666666667,0.4319846527366735,0.3832791795869608,0.9897981486187262,-0.14247675245787333,-0.21518148926631417,0.9765740763900765,0.49015748993384006,-0.8716338882017824,0.5937914599779158,-0.8046189794289563
7.183333333333334,0.4953103963011358,0.32381033759219136,0.9897998330234157,-0.14246505026433165,-0.03517089467011219,0.9993813126970625,0.49014630817056226,-0.871640176097206,0.6843207158296821,-0.7291811557400201
7.2,0.5587515785584856,0.26904711506741685,0.9898015195608785,-0.14245333227052243,0.17073318696607823,0.9853172985736149,0.49013645249277876,-0.8716457181319679,0.7812289256221165,-0.624244636157423
7.216666666666667,0.6212873825471661,0.22168112794515446,0.9898031811258982,-0.14244178682202904,0.39702700909444216,0.9178069263464521,0.49012791286014235,-0.8716505200109507,0.8769801498184298,-0.48052660365940664
7.233333333333333,0.6818938607354426,0.184483904698951,0.9898047905851848,-0.14243060252143325,0.6260744751679498,0.7797632663463804,0.4901206602097148,-0.8716545981268,0.956272897484515,-0.2924758888123434
7.25,0.739575158187165,0.15962980781826522,0.9898063216024405,-0.14241996249067793,0.8250324268347704,0.5650853870621052,0.49011464436053653,-0.8716579807374821,0.9977658377819278,-0.06680818030247285
7.266666666666667,0.793399434409821,0.1476453073777724,0.9898077495837599,-0.14241003779204905,0.9562713563967853,0.2924809274722927,0.49010979299575186,-0.8716607085383976,0.9850617523940476,0.17220146332237726
7.283333333333333,0.8425013792535196,0.1467268847993405,0.9898090517333227,-0.14240098702881424,0.9999956195721507,0.002959871029365668,0.4901060147790025,-0.8716628329104346,0.9198378169310327,0.39229885360978556
7.3,0.8860737440334105,0.15321797662519135,0.9898102068167776,-0.1423929579766079,0.9647030271632946,-0.26334021603616814,0.49010320252276374,-0.8716644141393698,0.8203479540714594,0.5718646992521664
7.316666666666666,0.9233904916334268,0.16290256413359924,0.9898111957622489,-0.14238608339197736,0.8743248490553726,-0.4853411772395786,0.49010123354477,-0.8716655212166504,0.7072100405180449,0.7070035067738104
7.333333333333333,0.9538360502457408,0.1720596040037862,0.9898120024220773,-0.14238047570224527,0.7514889687490873,-0.6597456554221736,0.4900999705697292,-0.8716662313337317,0.5936705555847942,0.8047081902352192
7.35,0.9769023639719876,0.17783837759158502,0.9898126134817627,-0.1423762276238648,0.6110142484476959,-0.79161959816183,0.49009926475354115,-0.8716666281830677,0.4850607881419267,0.8744804353484033
7.366666666666666,0.9921856811208158,0.17822627506285701,0.9898130183636901,-0.14237341281911217,0.4606523668327468,-0.8875806424947473,0.49009895817079174,-0.8716668005608017,0.3816826448546161,0.9242934375060687
7.383333333333334,0.9994143411539653,0.1719361938554543,0.9898132099535812,-0.1423720808353508,0.30337643087882266,-0.9528707893451382,0.49009888553468195,-0.8716668414008087,0.28107490735558494,0.9596858321633436
7.4,0.9984721978102584,0.1583121431178017,0.9898131852139853,-0.14237225283230148,0.13896913239325254,-0.9902967132339008,0.4900988770981888,-0.8716668461442677,0.17892454550001682,0.983862798878793
7.416666666666667,0.9893904451407138,0.13727256250370676,0.9898129449650036,-0.14237392310288727,-0.03532681658102191,-0.9993758132105514,0.49009876225532906,-0.871666910715208,0.06887603691407967,0.9976252259937147
7.433333333333334,0.9723303342698273,0.10936592388163546,0.9898124934276896,-0.14237706224831226,-0.2248668444252132,-0.9743895023440302,0.49009837249877813,-0.8716671298575213,-0.0587171893391807,0.9982746574345693
7.45,0.9475726545375665,0.07607556656478684,0.9898118379498164,-0.1423816190890046,-0.4375387895625264,-0.8991995371596669,0.49009754376172115,-0.8716675958177681,-0.21922023042321015,0.9756754022589658
7.466666666666667,0.9155134360736952,0.040714052181188815,0.9898109888992113,-0.14238752141380032,-0.6786444470447006,-0.7344669594307103,0.4900961186260711,-0.87166839710274,-0.43522069109223693,0.9003238028871589
7.483333333333333,0.8766701531370131,0.010656649475221575,0.9898099598377909,-0.14239467478073337,-0.9164135459984173,-0.4002326982026916,0.4900939491118944,-0.8716696169099322,-0.717082815507656,0.6969879738586693
7.5,0.8316841172879776,0.0,0.9898087675972059,-0.14240296200465913,-0.9893076200208327,0.14584386503626318,0.4900908998876489,-0.8716713313212237,-0.961925135340804,0.27331306957329315
7.516666666666667,0.7813009018245793,0.021469115406138384,0.9898074317740175,-0.14241224668168018,-0.7574036107594797,0.6529469889726903,0.490086850373144,-0.8716736081190778,-0.974908715221094,-0.22260502461974183
7.533333333333333,0.7263495836373863,0.07074455896154852,0.9898059741934604,-0.14242237693190923,-0.425586466248559,0.9049177640791809,0.4900816961838223,-0.8716765059731665,-0.836230294007975,-0.5483784235209621
7.55,0.6677380567051046,0.13639973583573414,0.9898044187985598,-0.14243318618512021,-0.14966169380106364,0.9887372640942571,0.490075351640066,-0.8716800730284395,-0.6923681235554752,-0.7215444417943154
7.566666666666666,0.606438559126218,0.21097811042456546,0.9898027912784583,-0.142444495777734,0.06242271011908877,0.9980498009926099,0.4900677515591925,-0.8716843458969065,-0.5776537309852108,-0.8162819164227918
7.583333333333333,0.5434546674408125,0.29035946658218204,0.989801118202081,-0.1424561209843575,0.22974993822839582,0.9732496934929126,0.49005885038916625,-0.8716893501444473,-0.4884098983330437,-0.8726143313115513
7.6,0.4797990593226018,0.37194140545613164,0.9897994264337083,-0.14246787508593628,0.3666833436816111,0.9303458096140775,0.49004862136502825,-0.871695100765305,-0.4172489648421488,-0.9087922212134935
7.616666666666666,0.41648614548307705,0.45378192048053534,0.9897977429400437,-0.14247957071382192,0.4818998971251282,0.8762262773683467,0.4900370572354861,-0.8717016017743601,-0.35863378254784445,-0.9334783393391758
7.633333333333334,0.35452083596283046,0.5342572296948739,0.9897960944915,-0.14249102192550103,0.5805453123229889,0.8142279412669423,0.4900241704943794,-0.871708846078377,-0.3088589627276859,-0.9511078493750211
7.65,0.29488984534691554,0.6119172503752561,0.9897945074279559,-0.14250204582899884,0.6657378631725105,0.7461856990980863,0.49000999423196345,-0.8717168149994533,-0.26545205336555244,-0.9641240622264398
7.666666666666667,0.23856055879957694,0.6854137072119776,0.9897930076230331,-0.14251246282536204,0.7394118901687587,0.6732533376650007,0.48999458555550723,-0.8717254763549628,-0.22673123589363356,-0.9739573638872214
7.683333333333334,0.18646566454884805,0.753486137958509,0.9897916200667982,-0.14252209949879022,0.8027889425899173,0.5962632922253075,0.48997802705979876,-0.8717347836346713,-0.1915276291870936,-0.9814872221572583
7.7,0.13946922848890608,0.8149899758239256,0.9897903679509239,-0.14253079495875487,0.8566570365482186,0.5158863457511006,0.4899604223201126,-0.8717446785383304,-0.15900225935842088,-0.9872782189023099
7.716666666666667,0.09833904318321629,0.8689219557874996,0.989789271918172,-0.14253840603744283,0.9015375002140726,0.43270097724382467,0.4899418895246649,-0.8717550945586731,-0.1285245485794508,-0.9917063277061654
7.733333333333333,0.0637369364277447,0.9144242885521496,0.9897883497894496,-0.1425448091691809,0.9377805231397254,0.3472285852572956,0.48992255823892855,-0.8717659588035218,-0.09959835487324564,-0.9950277220794117
7.75,0.036217674605552475,0.9507802831193763,0.9897876165204882,-0.14254990067583737,0.9656203016651783,0.2599565983237397,0.48990256941896687,-0.8717771919915629,-0.0718189579172158,-0.9974176844650816
7.766666666666667,0.016226182884338414,0.9774149161529055,0.9897870841148974,-0.14255359735667555,0.9852092911605829,0.17135534018775664,0.48988207662874417,-0.8717887077715042,-0.044846871104777336,-0.9989938729302155
7.783333333333333,0.004088207159213653,0.9939064459575859,0.9897867613640939,-0.1425558382823309,0.9966414570114301,0.08188898684275889,0.48986124461419295,-0.8718004135265329,-0.01838898438775758,-0.9998309083305971
7.8,0.0,1.0,0.989786653563852,-0.1425565867537211,0.9999681539491015,-0.0079806696226586,0.48984024305825086,-0.8718122138858997,0.0078193063682797,-0.9999694287566591
7.816666666666666,0.004026579299363675,0.9956086894722362,0.9897867624628688,-0.1425558306533708,0.9952067285887694,-0.09779349350360479,0.4898192411572105,-0.8718240137735221,0.03403008949926237,-0.9994208087730975
7.833333333333333,0.0161037349110984,0.9808099589760206,0.9897870863145246,-0.14255358208408483,0.9823432017434924,-0.18708777081451375,0.4897984080963597,-0.8718357181409074,0.06049423596495269,-0.9981685465967242
7.85,0.0360360506580264,0.9558491297813918,0.989787619825689,-0.14254987772635022,0.9613306427825384,-0.27539679600044636,0.48977791356157624,-0.8718472316795353,0.08747241637928126,-0.9961669420196444
7.866666666666666,0.06349858466001024,0.9211383607010024,0.989788354207123,-0.14254477849418,0.9320818322428055,-0.3622477853664458,0.48975792235441695,-0.8718584618452039,0.11525039159719044,-0.9933364723177611
7.883333333333334,0.09804715139875952,0.8772430390159296,0.9897892774568053,-0.1425383675770675,0.8944551297175922,-0.44715771370053015,0.4897385881218013,-0.8718693223783394,0.1441557786833437,-0.9895550067945686
7.9,0.13912771395382606,0.8248698792998128,0.989790374621551,-0.14253074863526782,0.8482339348563998,-0.5296217440381663,0.4897200518911591,-0.8718797341237612,0.17457492448269513,-0.984643892857647
7.916666666666667,0.18607921420976936,0.7648659547659591,0.9897916278850548,-0.1425220452023238,0.793096927514146,-0.6090954470094334,0.48970244328247586,-0.8718896243465531,0.20697553688099604,-0.9783461182694105
7.933333333333334,0.23813465673327983,0.6982226422311604,0.9897930166107932,-0.14251240040258253,0.7285706189951002,-0.6849706950936635,0.4896858805386747,-0.8718989267117278,0.24194358717981687,-0.9702903177001007
7.95,0.2944306864515056,0.6260709355218063,0.9897945176123137,-0.14250197509019674,0.6539473578125361,-0.7565400539363418,0.489670467319883,-0.8719075830813305,0.28024682110853,-0.9599279760787075
7.966666666666667,0.3540350983083158,0.5496549680856343,0.9897961059008425,-0.1424909426719047,0.5681431330486064,-0.8229297542133919,0.4896562863494189,-0.8719155470792431,0.3229382301798867,-0.9464200438960929
7.983333333333333,0.4159808132118883,0.4703009969382117,0.9897977556021368,-0.14247948275093064,0.4694653112202241,-0.8829509168469661,0.4896433948689713,-0.8719227866394986,0.3715068824233697,-0.9284302000215571
8.0,0.4792814308194693,0.3894247810257149,0.989799440378588,-0.14246777820347334,0.3552353497943003,-0.9347768965140939,0.4896318260664289,-0.8719292832006815,0.4280963748382354,-0.9037330877257738
8.016666666666667,0.5429323766052789,0.3085893164628769,0.9898011334648842,-0.14245601493664797,0.22113717157050103,-0.9752427140716299,0.489621592505163,-0.8719350297772811,0.4958411561957393,-0.8684132356329402
8.033333333333333,0.6059195075137609,0.2296152674753323,0.9898028078998345,-0.14244438028087708,0.06009492273551195,-0.9981926669042469,0.4896126869951636,-0.8719400304684812,0.5793105582928711,-0.8151069114235272
8.05,0.6672303823350489,0.15483295206300843,0.9898044368261196,-0.1424330609069687,-0.13929571594862544,-0.9902508285875654,0.4896050828188792,-0.8719443003299686,0.6845542001832807,-0.7289619654079551
8.066666666666666,0.7258615953762728,0.08769894673641507,0.9898059936823036,-0.1424222414884259,-0.39247550601959513,-0.9197624569282347,0.48959873446327634,-0.8719478649620964,0.8156137745680931,-0.5785967254787981
8.083333333333334,0.7808408248787373,0.034140228781903925,0.9898074527824903,-0.1424121006664753,-0.7002768015603484,-0.7138714178312564,0.4895935767939393,-0.8719507609734147,0.9528448085152874,-0.3034580216199025
8.1,0.8312598574513004,0.0038657017909916602,0.9898087901834374,-0.1424028050131041,-0.9615097700426699,-0.27477074464449813,0.4895895241787392,-0.8719530364729718,0.9895691201365439,0.14405886460813988
8.116666666666667,0.876289246674844,0.004250443590078645,0.9898099840610532,-0.14239450640055454,-0.9581685896834516,0.2862043915526547,0.4895864722622444,-0.8719547500746875,0.7964492024293198,0.60470543899464
8.133333333333333,0.9151829340954123,0.027632038440472073,0.9898110148193112,-0.14238734122935656,-0.733162850951306,0.6800531111501169,0.48958430048343904,-0.8719559694847795,0.5034703292243972,0.8640125158761748
8.15,0.9472988602472014,0.059700115069172555,0.9898118656225153,-0.14238142671316248,-0.4746639007536524,0.8801671326068288,0.48958287352850915,-0.8719567706873821,0.2599934547632421,0.9656103787140412
8.166666666666666,0.972118673114096,0.09153951818741746,0.9898125229034744,-0.1423768573310243,-0.24314140775437137,0.9699908534801874,0.4895820434251216,-0.8719572367700622,0.07774341696811644,0.9969734004065112
8.183333333333334,0.9892454877905834,0.11901181768025973,0.9898129762915254,-0.1423737053142613,-0.038590403507562134,0.9992551129502033,0.4895816527499114,-0.8719574561242452,-0.06534765735797476,0.9978625575087106
8.2,0.9983976153415597,0.14028800460340177,0.9898132184363502,-0.14237202186059614,0.14726959943086546,0.9890963881662254,0.48958153742482535,-0.8719575208763006,-0.18690751332884117,0.9823775147371957
8.216666666666667,0.99941277823973,0.15469278656884874,0.9898132451121934,-0.1423718364019692,0.320610713263195,0.9472110485741102,0.4895815289281384,-0.87195752564697,-0.2981853137994926,0.954507998203419
8.233333333333333,0.9922585683034981,0.16228782051584748,0.989813055490181,-0.14237315470688958,0.4845425606907873,0.8747676873771771,0.48958145663434366,-0.8719575662380562,-0.40635996979589145,0.9137130703604289
8.25,0.9770496805425068,0.16377233617175138,0.9898126525932148,-0.14237595571719194,0.6390344657452874,0.7691781013456084,0.4895811507664482,-0.8719577379748403,-0.51591722719896,0.8566384387122356
8.266666666666667,0.9540563016132637,0.1605188371963094,0.9898120435203979,-0.1423801899913535,0.7802028683542529,0.6255265655524123,0.4895804459957627,-0.8719581336845194,-0.6288197716913159,0.7775510881801153
8.283333333333333,0.9236809590649955,0.15464189441042445,0.9898112388402569,-0.14238578393054535,0.8988040233089761,0.43835069029670465,0.48957918435172987,-0.8719588420616509,-0.743498079351926,0.6687380698001252
8.3,0.8864305671576176,0.14904953007770685,0.9898102518595152,-0.14239264487256031,0.9786561942528119,0.2055043879108239,0.48957721694061423,-0.8719599467020734,-0.8527762293313143,0.5222764619312895
8.316666666666666,0.8429193937931814,0.14735137576868315,0.9898090987124705,-0.1424006604830427,0.9979002411191485,-0.06476965936567126,0.4895744064188068,-0.8719615247129159,-0.9422480364604862,0.334915866728285
